top_k,rebalance_anchor,risk_budget_pct_percent,risk_budget_pct,status,elapsed_ms,sharpe_ratio,annualized_return,cumulative_return,annualized_volatility,max_drawdown,max_drawdown_recovery_days,sortino_ratio,calmar_ratio,ulcer_index,ulcer_performance_index,win_rate,payoff_ratio,kelly_fraction,error
1,1,0.1,0.001,ok,,2.1059739340769523,0.038339777629160965,0.6926157026057331,0.017937589898447168,-0.02042211928389015,305,3.51634326592197,1.8773652771387461,0.4911811520209499,7.805628833967492,,,,
1,1,0.2,0.002,ok,,1.3492079988610572,0.04777005613116825,0.920801545833251,0.03503489331740556,-0.04972277293683258,318,2.191863187054653,0.960727918208724,1.241928656415622,3.846441249615678,,,,
1,1,0.3,0.003,ok,,1.0856825732845403,0.05701175681136683,1.1718547924299147,0.052323553062075576,-0.08127053513557947,462,1.7491064773070957,0.7015058620723617,2.1078309536636244,2.704759445356593,,,,
1,1,0.4,0.004,ok,,0.951700285047807,0.06595256981417563,1.4434312288776194,0.06965327448202237,-0.11300775651729789,547,1.5267852279696332,0.5836110002243996,3.0589586478912985,2.156046465670277,,,,
1,1,0.5,0.005,ok,,0.8674446479746324,0.07425843101405394,1.7236572156261944,0.0869315199592894,-0.1440621367920114,582,1.3875735893964716,0.5154611243984529,4.042007655910326,1.837167005497166,,,,
1,1,0.6,0.006,ok,,0.8150356336814983,0.08226675458273913,2.0218416869224964,0.1035855969042993,-0.17475466556049646,614,1.307104236985387,0.4707556981032937,5.006591265729124,1.6431689789791217,,,,
1,1,0.7,0.006999999999999999,ok,,0.7807388578071986,0.09006456055132728,2.3410673134171067,0.11962618035837501,-0.20420649066458485,748,1.2594702929740542,0.4410465125678153,5.9689243814345705,1.5088909625234885,,,,
1,1,0.8,0.008,ok,,0.7570898128926408,0.09780626043526874,2.6887344733080125,0.1353634055075855,-0.23216599337147048,748,1.2263876115274452,0.42127728964498545,6.8711548509986535,1.4234326333229643,,,,
1,1,0.9,0.009000000000000001,ok,,0.7392370989125157,0.10531159156672332,3.057592867974252,0.15085140326874152,-0.25941182150011166,749,1.200818492022113,0.40596296251162933,7.814813617858944,1.3475892928023017,,,,
1,1,1.0,0.01,ok,,0.7207370897325223,0.11143291897725782,3.383483254657258,0.16563676448337178,-0.2861354500758996,751,1.1728955385985917,0.389441150852505,8.837360442193699,1.2609298863179197,,,,
1,1,1.1,0.011000000000000001,ok,,0.6958602933140331,0.11484664330607375,3.5756178242054304,0.17937551353462008,-0.31649068168799954,1082,1.1332643386967969,0.36287527548533327,10.033827611228412,1.1445945431387912,,,,
1,1,1.2,0.012,ok,,0.6711455178021459,0.11706763745638304,3.7047895977084684,0.1926227525522797,-0.348592786654221,1088,1.092983070053862,0.33582920226202423,11.31399673461716,1.0347151426886492,,,,
1,1,1.3,0.013000000000000001,ok,,0.6456269146261348,0.11793452836988072,3.756119889261287,0.20537404506765908,-0.38139774678596794,1101,1.05068123006978,0.309216636342802,12.674172948595753,0.9305106443489664,,,,
1,1,1.4,0.013999999999999999,ok,,0.6276906619269645,0.11951232079524488,3.850880866658713,0.21762414310951772,-0.413286168251764,1214,1.0211455735013297,0.28917570917215124,13.964953619703971,0.8558017738534981,,,,
1,1,1.5,0.015,ok,,0.6180355114537796,0.12221921943655123,4.017549536027035,0.2290796610023958,-0.44351201132950524,1214,1.0054967425989518,0.2755713854742685,15.240400970391056,0.8019422827128885,,,,
1,1,1.6,0.016,ok,,0.6089208130552816,0.12428306750265516,4.14817991957761,0.2395810962845459,-0.46701084157027173,1233,0.9897411060864816,0.2661245873538337,16.29619304156553,0.7626509282607004,,,,
1,1,1.7,0.017,ok,,0.6029382574243803,0.12653091316212484,4.294044682320118,0.24918032516388375,-0.48775890266102606,2467,0.9788616605919985,0.25941282152272477,17.312664703788368,0.7308575272900495,,,,
1,1,1.8,0.018000000000000002,ok,,0.5993646570244044,0.1290882267186404,4.464653028890172,0.25835035938835904,-0.5068915621868821,2470,0.9722360415289474,0.25466635538716625,18.277882033200996,0.7062537469284303,,,,
1,1,1.9,0.019,ok,,0.5978046668075109,0.13184452151772685,4.6542434579245375,0.26685996200007644,-0.5193732037052435,2470,0.9691251250179628,0.253853145632349,18.92117114495917,0.69680951833075,,,,
1,1,2.0,0.02,ok,,0.5944810307867577,0.13382114471596784,4.793945249696192,0.27503594030863926,-0.5309061145952083,2470,0.9626485509418585,0.2520617883973711,19.609943605989297,0.6824147351198705,,,,
1,1,2.1,0.021,ok,,0.5930723974415694,0.13606127640636712,4.9561421007050175,0.2825921462108483,-0.5375629857649838,2470,0.9594012445769935,0.2531075985686475,20.262364768432025,0.6714975174977862,,,,
1,1,2.2,0.022000000000000002,ok,,0.591770137863927,0.13800741224430713,5.100464117879177,0.28944192825220705,-0.5430161027984626,3006,0.9561823443714421,0.25414976007723994,20.847235594796143,0.6619938246333069,,,,
1,1,2.3,0.023,ok,,0.5917034913033802,0.1401601613545449,5.263886860634824,0.29587424716638083,-0.5467565126242983,3027,0.9552405510530874,0.2563484075970311,21.275194063828383,0.6587961591985763,,,,
1,1,2.4,0.024,ok,,0.5914143846290484,0.14208622658955283,5.41353729964968,0.30199638904443643,-0.5501837965531193,3038,0.9536503210313076,0.25825229219711243,21.76243964266172,0.6528965912030189,,,,
1,1,2.5,0.025,ok,,0.5933887463845812,0.14455222837327142,5.609986469309477,0.3074616748174934,-0.551930146697228,3075,0.9560656460394774,0.26190312168718766,22.204105709488854,0.651015763771551,,,,
1,1,2.6,0.026000000000000002,ok,,0.5949119261671386,0.1466371575180594,5.780421700100101,0.31226389027558055,-0.5534134354694402,3075,0.9577358328215629,0.26496855356189986,22.581754948368822,0.6493612115326388,,,,
1,1,2.7,0.027000000000000003,ok,,0.593046677637143,0.14726691253494661,5.8326986843021835,0.3163713732538492,-0.5540433371731058,3075,0.9540108570765108,0.2658039591024527,22.885999523873412,0.6434803617876768,,,,
1,1,2.8,0.027999999999999997,ok,,0.5929761692306337,0.14835085960571015,5.9235562319316255,0.319888851371315,-0.5547174339713001,3075,0.9542803420132083,0.2674350047800832,23.14130432328098,0.6410652465101713,,,,
1,1,2.9,0.028999999999999998,ok,,0.5912657871169271,0.14873363110926618,5.9559076347437525,0.32315285809200184,-0.5561261284807019,3110,0.9516972421892625,0.26744586073593807,23.478258450329342,0.6334951607417023,,,,
1,1,3.0,0.03,ok,,0.5899300411735163,0.14916569815195335,5.99259405066737,0.32619061839118313,-0.5580653128712265,3115,0.9498622358739531,0.26729075380890643,23.80235707215593,0.6266845661535253,,,,
1,2,0.1,0.001,ok,,2.2552146550978454,0.041350041587445485,0.7625638435566868,0.018034800958046646,-0.019469721656326544,197,3.8574789601920836,2.123812672689601,0.41133549188433627,10.052631587422738,,,,
1,2,0.2,0.002,ok,,1.508071824224333,0.05385222393644429,1.082786921014876,0.0351852337288476,-0.04403757723411639,362,2.5121292033645264,1.2228698152523338,1.0710045362586942,5.028197557833372,,,,
1,2,0.3,0.003,ok,,1.2467126665635848,0.06620962532227814,1.4516864361483979,0.05252184744265142,-0.06806264998967637,403,2.0597707859662675,0.9727747205305803,1.8203933617987516,3.637105403244036,,,,
1,2,0.4,0.004,ok,,1.1154705167800463,0.07846359845439,1.8766454027438515,0.06990040317220829,-0.09155528220412967,440,1.8354581999177775,0.8570078816364659,2.5995872489150758,3.0183098677352094,,,,
1,2,0.5,0.005,ok,,1.030833998658954,0.08993811497265214,2.335650197744508,0.08722948479032477,-0.11452565295488015,448,1.6912141607291467,0.785309776911599,3.3984388209466307,2.6464538486998563,,,,
1,2,0.6,0.006,ok,,0.9666748231223541,0.10020067690156731,2.802883281627025,0.10442213739594403,-0.1369837800591066,467,1.5815871143378277,0.7314784046573405,4.21017772280698,2.379963115541883,,,,
1,2,0.7,0.006999999999999999,ok,,0.9217516927306613,0.11003580427594484,3.3070319645918733,0.12122898339273497,-0.15893952200507078,473,1.5065997184232034,0.6923124147336638,5.008560112310753,2.1969548494682765,,,,
1,2,0.8,0.008,ok,,0.8995233304491326,0.12082082887462398,3.9307954534753655,0.13728126921255626,-0.1743586607116513,473,1.4775881828857318,0.6929442356432959,5.679021263280933,2.1274938633496565,,,,
1,2,0.9,0.009000000000000001,ok,,0.8820773340374567,0.13098133366696696,4.594222631634607,0.15277500049368473,-0.18935047241692038,473,1.4547323873286022,0.6917402000379823,6.369601284655791,2.056350591087981,,,,
1,2,1.0,0.01,ok,,0.8652057458696115,0.13980481404115874,5.236634076974546,0.1674513312633815,-0.2089410371583511,473,1.4314338600938128,0.6691113241445443,7.0620739606025404,1.9796566110903562,,,,
1,2,1.1,0.011000000000000001,ok,,0.8437686173311378,0.14600493646089885,5.728313769084042,0.18091144037634369,-0.2338099678943909,488,1.3986115103939576,0.6244598456420279,7.784559694389766,1.8755709017958044,,,,
1,2,1.2,0.012,ok,,0.8241891262633977,0.1512988863390432,6.176368881791735,0.19370427639506096,-0.26021777255047174,613,1.368395549789551,0.5814317940551018,8.550289679048973,1.7695176656970504,,,,
1,2,1.3,0.013000000000000001,ok,,0.8065197474438703,0.1560171455795729,6.598892156937687,0.2060818233206129,-0.28520369236122356,778,1.3401779147873587,0.5470376077108078,9.359003640318592,1.667027298797609,,,,
1,2,1.4,0.013999999999999999,ok,,0.7951665038312188,0.16131773814635597,7.101055491932922,0.2179312297106149,-0.306351887025496,779,1.3223863856407632,0.526576610030577,10.148484671364798,1.5895746347386608,,,,
1,2,1.5,0.015,ok,,0.79270213550647,0.16802731463061238,7.780898840469241,0.2289846866846291,-0.32697562030686733,779,1.320535999483129,0.5138833117677654,10.819800551362231,1.5529612938147688,,,,
1,2,1.6,0.016,ok,,0.7917380531390217,0.17456775711938355,8.494261012939559,0.2393875358672216,-0.34558836371384327,779,1.3201904438177359,0.5051320456609195,11.407699362367454,1.5302626022496728,,,,
1,2,1.7,0.017,ok,,0.7926620901603443,0.18096461544608777,9.243690096291736,0.24888076555219774,-0.35773802002842137,779,1.322455359510636,0.5058579332208263,11.857261697552401,1.5261923036028027,,,,
1,2,1.8,0.018000000000000002,ok,,0.7924781067435825,0.18653987533550742,9.941287165146262,0.2577058994397864,-0.36714594511996346,779,1.3213785984336532,0.5080809901755997,12.260905860508132,1.521420011357763,,,,
1,2,1.9,0.019,ok,,0.793620825969578,0.19197395908998427,10.663443978118405,0.2657485912066163,-0.37415643058704295,779,1.3228114071004555,0.5130847511795574,12.646059994165642,1.5180535216387787,,,,
1,2,2.0,0.02,ok,,0.7907898233682034,0.19590504101611206,11.213180929728674,0.2735186885506223,-0.37980728051996404,779,1.316589590665413,0.515801173552845,13.075353323236342,1.4982772256560537,,,,
1,2,2.1,0.021,ok,,0.7886104536702987,0.1997572746325751,11.775146787483603,0.2809853175830493,-0.3854389008698914,779,1.3111266089518419,0.5182592472678441,13.521994832046577,1.4772766674866529,,,,
1,2,2.2,0.022000000000000002,ok,,0.7848704309335638,0.20262760357389875,12.209379200466088,0.28787719860359845,-0.39105096536886597,779,1.3024920984356645,0.5181616247456813,13.915226365218565,1.4561574368662171,,,,
1,2,2.3,0.023,ok,,0.7797050899381684,0.20467050562258748,12.526740771033355,0.2944140692485665,-0.39645558487917776,779,1.2912748732905561,0.5162507817488864,14.283292159158067,1.4329364921052756,,,,
1,2,2.4,0.024,ok,,0.7744644140034206,0.20623073066536546,12.773871637774198,0.3003807978434385,-0.4015005068307005,779,1.280206097208176,0.5136499883730562,14.682809066082957,1.404572719955577,,,,
1,2,2.5,0.025,ok,,0.7724140109160186,0.20862564404882322,13.161380794876749,0.30593811666411413,-0.40653324354393694,906,1.2751712368508945,0.5131822485908845,15.09757152903287,1.3818490188811678,,,,
1,2,2.6,0.026000000000000002,ok,,0.7709262842808093,0.21078837056998756,13.51999497346367,0.31080012612916863,-0.4122899852343622,906,1.271643162910248,0.511262407817563,15.56152071057958,1.3545486619870126,,,,
1,2,2.7,0.027000000000000003,ok,,0.7677838727306985,0.21185625998200042,13.70016070832681,0.3148916712443858,-0.41770334298454836,906,1.2656944416093008,0.5071931157367763,16.00154577805772,1.323973714292718,,,,
1,2,2.8,0.027999999999999997,ok,,0.7639639042062437,0.21233584895445756,13.781746627292922,0.31847061062536924,-0.4198313878088479,1036,1.2587071727358687,0.5057645881663702,16.427357273106715,1.2925746084677499,,,,
1,2,2.9,0.028999999999999998,ok,,0.7601490714305712,0.21261467402079126,13.829372391787642,0.321757102202817,-0.42155082882981243,1037,1.2518661629972112,0.5043630790882102,16.85460821188173,1.2614631639488816,,,,
1,2,3.0,0.03,ok,,0.7561741458504094,0.21267781847690892,13.840177786300703,0.3248342554164119,-0.42358441673879554,1037,1.2447252631764794,0.5020907523329813,17.29564547395443,1.2296610658282812,,,,
1,3,0.1,0.001,ok,,2.4331047330498627,0.04370509451420124,0.8191482059876056,0.017641678150375626,-0.016100782806977132,196,4.205237955129991,2.7144701619887712,0.39549085910163734,11.050848207586373,,,,
1,3,0.2,0.002,ok,,1.672501494993916,0.05867392155176154,1.220118850100771,0.034439696379052295,-0.03439390921501029,208,2.8159936407570663,1.7059393041066382,0.9774583797949677,6.002702801941196,,,,
1,3,0.3,0.003,ok,,1.4068512578519585,0.07360887249332726,1.7007107404803867,0.051418279300201736,-0.05249706181316682,283,2.349098580266201,1.4021522338773134,1.6331626553010683,4.5071366440079235,,,,
1,3,0.4,0.004,ok,,1.2723270033542002,0.0884376890751124,2.2719892215916504,0.06843891726586072,-0.07246823359852694,426,2.1154976168899924,1.2203649058849155,2.3421892810885807,3.7758557683266813,,,,
1,3,0.5,0.005,ok,,1.1878498730413645,0.10279438155314624,2.9302279523462293,0.08544130893090289,-0.09438941299103254,647,1.9693791348367835,1.0890456704388258,3.116747785580214,3.298129608970269,,,,
1,3,0.6,0.006,ok,,1.1216600313820875,0.11571639926172561,3.625804934425142,0.10228219552520507,-0.12498444993204882,667,1.8541169660176364,0.9258463698855175,4.058959454371921,2.8508882772181185,,,,
1,3,0.7,0.006999999999999999,ok,,1.0800911736321288,0.12858981314966456,4.43100663036574,0.11850021061555478,-0.1483303664506449,669,1.7891977407713482,0.8669149563009488,4.919558075151543,2.61384886986426,,,,
1,3,0.8,0.008,ok,,1.0551924951914637,0.14186589142223993,5.396251196421217,0.1342684847584265,-0.1658388596382271,669,1.7555341600103755,0.8554442048848893,5.671231273869491,2.501500724823105,,,,
1,3,0.9,0.009000000000000001,ok,,1.034833054476468,0.1541205579897802,6.4263496542572325,0.14928479405000242,-0.18313678504754471,672,1.7249620408614852,0.8415598097879051,6.411415443849662,2.4038460670587933,,,,
1,3,1.0,0.01,ok,,1.015397669135236,0.1653214926158466,7.500599776019451,0.16391132997466862,-0.20056258516069758,680,1.694647781984995,0.824288799844624,7.152757256210323,2.3112974017440275,,,,
1,3,1.1,0.011000000000000001,ok,,0.9852639797485436,0.17288977425573693,8.306284148183714,0.17792901941301847,-0.2174976066203308,681,1.641975194675795,0.7949042609813063,7.975549795818962,2.1677474115498754,,,,
1,3,1.2,0.012,ok,,0.9619438196548902,0.17989079916341577,9.114167536778846,0.19092055066534344,-0.23491349762453306,682,1.6028317294684788,0.7657746403782163,8.867925009247998,2.0285557103360143,,,,
1,3,1.3,0.013000000000000001,ok,,0.9439712823159498,0.18671802705689844,9.96428877248071,0.20323684178012344,-0.2499088046193393,749,1.574260785335359,0.7471446527916735,9.703215777693911,1.9242901666283903,,,,
1,3,1.4,0.013999999999999999,ok,,0.9301854069961074,0.19353488402190155,10.878919310202063,0.215063854150142,-0.2760646841723424,700,1.5520763611526556,0.7010490479871777,10.459119401992995,1.8503936764028461,,,,
1,3,1.5,0.015,ok,,0.9176658641945892,0.1995039214606995,11.73746235687372,0.22608490692218694,-0.297547290195889,701,1.5299451840351825,0.6704948357263041,11.062055419676831,1.8034977578021198,,,,
1,3,1.6,0.016,ok,,0.9086196053324139,0.2055418768456605,12.664248721555841,0.23652153283389005,-0.31698405868739843,701,1.5135601556765281,0.6484296961077171,11.641785499022212,1.7655528601083041,,,,
1,3,1.7,0.017,ok,,0.8985561094394106,0.21049684786542366,13.471169073261136,0.2463955710672911,-0.3354604993735564,701,1.4939671751858685,0.6274862413265002,12.249874541405468,1.7183592138346313,,,,
1,3,1.8,0.018000000000000002,ok,,0.8914905938499587,0.21549830062531417,14.330347648913222,0.2555653506509269,-0.3506694748068311,701,1.4793870110739489,0.6145339589196437,12.813183386800238,1.6818482505082548,,,,
1,3,1.9,0.019,ok,,0.8848771291842445,0.2201193619769084,15.166048092597638,0.26435514627985235,-0.3606165895959209,701,1.4660459306004379,0.6103972150132004,13.34924480130266,1.6489274506032618,,,,
1,3,2.0,0.02,ok,,0.8773179399202661,0.2237608656088088,15.85418844884811,0.27254613671076267,-0.3679168766417742,701,1.4507708602731888,0.6081832060850955,13.849135189808402,1.6157028041250887,,,,
1,3,2.1,0.021,ok,,0.8731190146973603,0.2281077191532892,16.7112052681695,0.2804172652404652,-0.3736644871389725,701,1.442277476447948,0.610461328289011,14.300121705537558,1.595145299112784,,,,
1,3,2.2,0.022000000000000002,ok,,0.8694896245220248,0.23221769336621034,17.558571947049685,0.28787463228539995,-0.37906879255403547,702,1.4347340435244076,0.6126003984701753,14.754418543369036,1.5738857663799577,,,,
1,3,2.3,0.023,ok,,0.8620669674227773,0.23429235869950982,18.00046610927575,0.29458103400612995,-0.38425189140216476,702,1.4199060219625463,0.6097363837157936,15.193014034576168,1.542105853165861,,,,
1,3,2.4,0.024,ok,,0.8556587899030166,0.2360657004770772,18.385903318257157,0.3005567130284857,-0.38879098865018313,702,1.4066629001156945,0.6071789402749729,15.605193160632584,1.51273808691201,,,,
1,3,2.5,0.025,ok,,0.8530230031622393,0.2386689017949477,18.964878421134063,0.30584051509090004,-0.39403047866765695,702,1.4009474797293875,0.6057117779364773,15.960045232894304,1.4954149459616903,,,,
1,3,2.6,0.026000000000000002,ok,,0.8482935204852377,0.2399519312167182,19.256104477237198,0.31045025050169306,-0.4017044436488485,906,1.391626993204871,0.5973345204676728,16.38833991451429,1.4641625232840416,,,,
1,3,2.7,0.027000000000000003,ok,,0.8433453210863643,0.24068027838205497,19.42317717378067,0.31446143950562,-0.40759023969504216,906,1.3822391069817268,0.5904956864573874,16.773524960333052,1.4348819282245613,,,,
1,3,2.8,0.027999999999999997,ok,,0.8386417117701477,0.24122486010444866,19.548931641754894,0.3181424966970502,-0.4124783592084085,1038,1.3734409244653891,0.5848182206877127,17.10189705852197,1.4105152152359903,,,,
1,3,2.9,0.028999999999999998,ok,,0.834825767732778,0.24187982518199136,19.70112801927235,0.32153026461572465,-0.4171894731137985,1038,1.3664566421141726,0.5797841047537956,17.43973160048308,1.3869469480556187,,,,
1,3,3.0,0.03,ok,,0.8302724675480943,0.2420075303719913,19.730924955415848,0.32462401056030116,-0.4195031760076747,1038,1.3582257409262404,0.5768908180269983,17.749887045703463,1.3634313826834839,,,,
1,4,0.1,0.001,ok,,2.321015298236397,0.041780023685541234,0.7727714042436338,0.017698766795727804,-0.016651070692786485,156,4.003737089481009,2.50914937882289,0.3693411476169001,11.312041443288537,,,,
1,4,0.2,0.002,ok,,1.5598313519445772,0.054754101009045764,1.1078587611383477,0.0345518532683759,-0.037497605272712176,224,2.6180393225693255,1.4602026078953771,0.9382074041908358,5.836033777229552,,,,
1,4,0.3,0.003,ok,,1.2929822443567047,0.06757609486331373,1.496006349240993,0.0515953995877782,-0.06033572059250447,335,2.1515530762189656,1.1200014551862123,1.6180232985974523,4.176459938610932,,,,
1,4,0.4,0.004,ok,,1.158462182199095,0.08028001599892964,1.9451644424316745,0.06868586751684981,-0.09135747694125873,632,1.919413475594671,0.8787459843111506,2.4757901814910834,3.2426017599997,,,,
1,4,0.5,0.005,ok,,1.0758767212065141,0.0926469261871472,2.4535025678545006,0.08576612475058754,-0.12596992267331597,655,1.7775032875400758,0.7354686279153562,3.446914757496488,2.687821797323388,,,,
1,4,0.6,0.006,ok,,1.0159793719001653,0.10418339190787451,3.0000420154260796,0.10273801593001533,-0.16103531208386324,668,1.6742443463818786,0.6469599155595038,4.465710541280996,2.3329633872326476,,,,
1,4,0.7,0.006999999999999999,ok,,0.9788526959868064,0.115446138836661,3.6101557579143906,0.11882115562980436,-0.18435128013655588,669,1.6214963605481405,0.6262291140649836,5.304158211337063,2.1765214052233093,,,,
1,4,0.8,0.008,ok,,0.9530085808829709,0.12666090877855907,4.302596476816436,0.13464298002140687,-0.20555136711461652,669,1.5838271582094159,0.61620076069809,6.094506816206242,2.078279877245325,,,,
1,4,0.9,0.009000000000000001,ok,,0.9325098862385695,0.13674216443237075,5.00627105763016,0.14940814632683952,-0.22633809868812893,672,1.548872888077386,0.6041500093220614,6.8823222691975845,1.9868608165062522,,,,
1,4,1.0,0.01,ok,,0.9108672603652762,0.1454728061871926,5.684743807828737,0.1638444018403822,-0.24664510558113806,680,1.5117112857147064,0.5898061745212166,7.709832228764355,1.8868478829468298,,,,
1,4,1.1,0.011000000000000001,ok,,0.8841364856860221,0.1518014758074142,6.220314970344653,0.1777151238100664,-0.264565730584024,682,1.463993249222861,0.5737760346826297,8.549511492894787,1.7755573044561825,,,,
1,4,1.2,0.012,ok,,0.8650696812530682,0.15814730613647643,6.797118342142632,0.19076458819306708,-0.28252751278588706,700,1.432751689993369,0.5597589579048469,9.38901483429529,1.6843865829118851,,,,
1,4,1.3,0.013000000000000001,ok,,0.849030930125037,0.1640469272691094,7.3714652693647995,0.20325077829437882,-0.2997142758874449,701,1.4067730507123968,0.547344389196582,10.207958669757593,1.6070492894443216,,,,
1,4,1.4,0.013999999999999999,ok,,0.8366012884625025,0.16978118311325896,7.967142389868055,0.21511164553256795,-0.3173211493135447,754,1.3861564198263325,0.5350452797758474,10.963699065076657,1.5485757325652378,,,,
1,4,1.5,0.015,ok,,0.830950642714074,0.17626850194495924,8.688380447795312,0.22616814463193669,-0.3358803473623122,754,1.3771194810283636,0.5247955211705775,11.614154477302609,1.5177041280916186,,,,
1,4,1.6,0.016,ok,,0.8257319803809337,0.18209110852293175,9.381220531012243,0.23646561509948386,-0.35346661609907615,754,1.3683107749112642,0.5151578684644207,12.186078036693452,1.4942552310483974,,,,
1,4,1.7,0.017,ok,,0.8205734654494459,0.18726544797163225,10.035248890715177,0.24611872147623629,-0.3706950049898263,754,1.3589120116183062,0.505173917778503,12.743736182042005,1.4694705327902167,,,,
1,4,1.8,0.018000000000000002,ok,,0.8164872219189853,0.19227757962016057,10.705070323988295,0.2553521648951415,-0.38756958595966806,754,1.350987512938435,0.4961111154892574,13.271285863876455,1.4488240370402024,,,,
1,4,1.9,0.019,ok,,0.8110377585069373,0.19650227682075028,11.298775361224394,0.26430834282684357,-0.40409447696474654,754,1.3400296880602809,0.4862780563019011,13.802816961916594,1.423638938072717,,,,
1,4,2.0,0.02,ok,,0.8035400943257994,0.1994768007003791,11.733434463957087,0.27267097935433937,-0.420273838751531,754,1.325216320707834,0.4746353027658028,14.361957258034325,1.3889249015052483,,,,
1,4,2.1,0.021,ok,,0.7985455095245109,0.20277003206036226,12.231279029465847,0.2805485000214295,-0.43611187166195753,824,1.3152420103884155,0.46494958114218676,14.923369165289603,1.3587416475093765,,,,
1,4,2.2,0.022000000000000002,ok,,0.7980907297984717,0.20707068489648517,12.90864522697814,0.28775299281578515,-0.4512450482313709,825,1.313643457556364,0.4588874397804183,15.455397699914268,1.339795254169576,,,,
1,4,2.3,0.023,ok,,0.7941273883781886,0.20981261610233948,13.357168179995837,0.2945493759055632,-0.4655047979333501,825,1.305275479706087,0.4507206306655081,15.981463234395047,1.3128498500111314,,,,
1,4,2.4,0.024,ok,,0.7923423004500658,0.21305449664748854,13.904787668405369,0.30104443745825404,-0.47948330436222364,825,1.3006842697674452,0.4443418461272166,16.473028075590797,1.293353569664498,,,,
1,4,2.5,0.025,ok,,0.7944618017102861,0.21723078323390377,14.638843471201213,0.30676831318342535,-0.49279055952271544,825,1.303348067022061,0.44081766388605176,16.92906578047306,1.2831823447958364,,,,
1,4,2.6,0.026000000000000002,ok,,0.7992240982222354,0.2216421360765588,15.450572033935472,0.31117903855453866,-0.5024633263939731,825,1.3114453308268115,0.44111107106506103,17.251152351108107,1.284796120082505,,,,
1,4,2.7,0.027000000000000003,ok,,0.8030187571437788,0.2254152324305192,16.17571604395907,0.3150733185636971,-0.5113405197328483,825,1.3178224786814203,0.44083193827136596,17.510004717914768,1.2873510662158374,,,,
1,4,2.8,0.027999999999999997,ok,,0.803512145398664,0.22778722974267107,16.64666242900145,0.31873917819437275,-0.5211078879630178,825,1.3181840033266812,0.4371210549759262,17.79819370829402,1.2798334116148058,,,,
1,4,2.9,0.028999999999999998,ok,,0.8015653911624694,0.22900290657015487,16.89264864056516,0.3220949405440793,-0.5301740469000129,825,1.3143947523484591,0.4319391111450297,18.09033805515872,1.2658851695966586,,,,
1,4,3.0,0.03,ok,,0.8000167174694183,0.23010118197553453,17.117612928742837,0.32501503561091194,-0.5347648329129964,825,1.3119981466513626,0.4302848052332021,18.285034894372014,1.25841259425957,,,,
1,5,0.1,0.001,ok,,2.0969535473367875,0.03846082635883663,0.6953779750484081,0.018071479698471997,-0.01758055018594873,325,3.5062584747130012,2.1876918499158506,0.47386968615646896,8.116329759514748,,,,
1,5,0.2,0.002,ok,,1.3453071170593427,0.04800922439794375,0.9269437258466751,0.035313328151433114,-0.041317793936546554,357,2.191751940173674,1.1619503323839966,1.1917781918006236,4.028369098230266,,,,
1,5,0.3,0.003,ok,,1.0795221101194559,0.057106562667921246,1.1745812434080265,0.05272442025892312,-0.06465218634040037,364,1.7442400677317813,0.8832889636129141,1.9944061329414167,2.8633366958062143,,,,
1,5,0.4,0.004,ok,,0.9421159054074584,0.06571576677288893,1.4358492659023914,0.07016304951004512,-0.08758658716891832,606,1.5155946927084092,0.7502948670228511,2.8526268313862744,2.3036930750929456,,,,
1,5,0.5,0.005,ok,,0.8560514828755325,0.07372997607677578,1.7049752168830614,0.08757778398866403,-0.11012392651265612,800,1.3730369618490608,0.6695182274335476,3.804164448604471,1.9381385077562319,,,,
1,5,0.6,0.006,ok,,0.7961418475921095,0.08101286487668258,1.9732356090780954,0.10473823054711565,-0.13226720243605883,933,1.2758425370996227,0.6124939772264871,4.809292590004219,1.6845068866274056,,,,
1,5,0.7,0.006999999999999999,ok,,0.758509656146876,0.08811070613546601,2.258266353493582,0.12098133265220153,-0.1540194786402922,934,1.2222121914882689,0.5720750837057816,5.819944093856681,1.5139442014309454,,,,
1,5,0.8,0.008,ok,,0.7261748696551389,0.09440375702988946,2.531991537310797,0.1371951566667486,-0.17538388213521683,934,1.1734883282356754,0.5382692860972618,6.831016556060619,1.38198694520997,,,,
1,5,0.9,0.009000000000000001,ok,,0.7054400521360767,0.100884063599056,2.83605888604696,0.15280874140504075,-0.19607891697508972,935,1.143730649855148,0.514507450139948,7.845810262363214,1.285833587934218,,,,
1,5,1.0,0.01,ok,,0.686283953410336,0.10601070081764519,3.0936401127143345,0.16720140664891894,-0.22294564302499165,1214,1.1154666648152456,0.47550021332222964,8.852771929848178,1.197485958722346,,,,
1,5,1.1,0.011000000000000001,ok,,0.6650706586928881,0.10961950632713324,3.284492346902197,0.18106596906288838,-0.2524689814956447,1214,1.0819009475755403,0.4341899970354349,10.063533408889478,1.0892745308551608,,,,
1,5,1.2,0.012,ok,,0.6485019339036934,0.11300926106137532,3.471253932679729,0.1941920171863584,-0.2791784799387619,1417,1.0568304281062089,0.4047921640885932,11.226386516101458,1.0066396778633238,,,,
1,5,1.3,0.013000000000000001,ok,,0.6368992374360265,0.11662120507447904,3.6785565827066353,0.20677118967679267,-0.30480875827162346,1529,1.0403019640751623,0.3826045082686065,12.398988248850173,0.9405703331099936,,,,
1,5,1.4,0.013999999999999999,ok,,0.6294209552818802,0.12048141889431485,3.909950059051164,0.21875664770588735,-0.3229394632942879,1542,1.0300440368663408,0.3730774110580678,13.400847300193286,0.8990582177037201,,,,
1,5,1.5,0.015,ok,,0.6237149150446629,0.12408875682788278,4.13574777905463,0.22992758711059913,-0.33513900190079404,1547,1.0214478693800633,0.3702605668814841,14.22732955707909,0.8721858612331079,,,,
1,5,1.6,0.016,ok,,0.6207811991333234,0.1278661926146527,4.382499428548184,0.24037551375613386,-0.34296850663112777,1553,1.0169689657641716,0.37282196511464644,14.97159285610885,0.8540587086729354,,,,
1,5,1.7,0.017,ok,,0.6201169730344557,0.13169638702356412,4.643900769889192,0.24983725996342634,-0.3487536638230848,1553,1.016358398775239,0.3776200816928789,15.620811472041225,0.843082878628167,,,,
1,5,1.8,0.018000000000000002,ok,,0.6187262446898125,0.1349908587499602,4.8781196386874255,0.2587668715523817,-0.3529228337151199,1553,1.0141545965123842,0.38249397843984534,16.223916836893423,0.8320485127425519,,,,
1,5,1.9,0.019,ok,,0.6151025446286184,0.13733058830021028,5.049907798003787,0.26728207634091344,-0.3587670527333435,1553,1.007690133403153,0.3827848383900579,16.848440466600447,0.8150937683072089,,,,
1,5,2.0,0.02,ok,,0.6121954225104184,0.13961218744882542,5.221906950225723,0.2754472028038719,-0.36340589977258575,1553,1.0022117464585316,0.38417699750112133,17.425244026163504,0.8012064981081568,,,,
1,5,2.1,0.021,ok,,0.6080542894274438,0.14121896052676175,5.345746741530479,0.28321678106723064,-0.36849220781714154,1554,0.9940582059458638,0.383234590938323,18.003891322154008,0.7843802098104763,,,,
1,5,2.2,0.022000000000000002,ok,,0.6049766389563186,0.14282797429048544,5.472049458519301,0.2903950028674551,-0.3711502262543458,1715,0.987818413502349,0.38482523837290283,18.45125108689487,0.7740828717675952,,,,
1,5,2.3,0.023,ok,,0.6016259682816114,0.14409668533045572,5.57328100093129,0.2971730097183188,-0.37394574493209576,1715,0.9810604428195002,0.38534115518983114,18.896477218317546,0.762558458201795,,,,
1,5,2.4,0.024,ok,,0.6035879867627153,0.14678000695790683,5.7922471918358625,0.3029977662526508,-0.37676392965950045,1715,0.9832949226723684,0.38958083670737514,19.237344632823568,0.7629951521867763,,,,
1,5,2.5,0.025,ok,,0.605684183792804,0.14927376288395577,6.001797771964495,0.30815417686357777,-0.37910331422404286,1715,0.9857321504832699,0.39375483485153023,19.552633823107886,0.7634458059943801,,,,
1,5,2.6,0.026000000000000002,ok,,0.6056412771650173,0.15078764236630926,6.131920958230614,0.3126917161347275,-0.38537332755378484,1715,0.9845992130548934,0.39127679988507896,19.916982834174473,0.7570807467262607,,,,
1,5,2.7,0.027000000000000003,ok,,0.6040854752627476,0.1515759488602828,6.200564229781496,0.31677748517278614,-0.39307271167697244,1715,0.9807649816635845,0.385618091405053,20.28228855790259,0.7473315865098678,,,,
1,5,2.8,0.027999999999999997,ok,,0.6012437858271524,0.15172351409609264,6.213481716294951,0.32044685910440424,-0.399776209835371,1715,0.9750567396078037,0.3795211179739105,20.626656936702677,0.7355700662578952,,,,
1,5,2.9,0.028999999999999998,ok,,0.5985410173525471,0.15177308188044836,6.217825579837248,0.32375605209106445,-0.40311452377941603,1715,0.969942152196075,0.37650115023763936,20.96623676761162,0.7238928166398728,,,,
1,5,3.0,0.03,ok,,0.5966162161398598,0.1519940218754814,6.237217172023355,0.32677286337997896,-0.4045491857537308,2312,0.9663993417943854,0.3757120944201028,21.289936771388376,0.7139242521365621,,,,
2,1,0.1,0.001,ok,,1.9487189857539604,0.052654482972217975,1.0499181143937149,0.026508225122404378,-0.02936963680485105,399,3.252992780159966,1.7928203648579308,0.7429544520298461,7.087175105870787,,,,
2,1,0.2,0.002,ok,,1.4269935247617718,0.07613980093142625,1.7911445410380087,0.05237769748040327,-0.058894847870201494,481,2.3475037369367575,1.2928091961325878,1.8728937106211334,4.065356218542427,,,,
2,1,0.3,0.003,ok,,1.246715587542016,0.09866374489501295,2.7292424681207317,0.07790256039311713,-0.08614536203585066,490,2.0451613502533044,1.1453169684742004,3.099065140016828,3.1836615378299924,,,,
2,1,0.4,0.004,ok,,1.1652073410520052,0.120925451129412,3.9372375426162938,0.1024736710723716,-0.1249034143170884,875,1.9142141474499048,0.9681516857691522,4.408907878745072,2.7427529550431786,,,,
2,1,0.5,0.005,ok,,1.123516657081046,0.14225653329090715,5.426928196357331,0.12538430091020267,-0.16777009658802233,881,1.8492482901278144,0.8479254419232618,5.636937139503065,2.523649453068906,,,,
2,1,0.6,0.006,ok,,1.0984304992715284,0.16125209875235558,7.094652922623293,0.14578763188431865,-0.19695337524948353,881,1.8151126809685976,0.818732344891756,6.786162364823107,2.3761898122011544,,,,
2,1,0.7,0.006999999999999999,ok,,1.0633028154869621,0.17422422616182187,8.455492168233983,0.16365957414906585,-0.22407615651404245,882,1.7559738701099603,0.7775223784280839,7.867202048147189,2.214564022832661,,,,
2,1,0.8,0.008,ok,,1.033321590683532,0.18272444895447837,9.45929426337761,0.17771157767092854,-0.24010416023624948,882,1.7088974732620041,0.7610215865259786,8.66554724627694,2.1086313854325125,,,,
2,1,0.9,0.009000000000000001,ok,,1.0124957957807827,0.1892892625964262,10.301307475673626,0.1888492696284129,-0.24572140272982868,882,1.6771251675592553,0.770340965392218,9.289748506213098,2.0376145002184636,,,,
2,1,1.0,0.01,ok,,0.9884474183000116,0.19288356319429711,10.788563326775316,0.19836260503798486,-0.2560313758440683,883,1.6342245553642947,0.7533590856136697,9.758604877838627,1.9765485498068214,,,,
2,1,1.1,0.011000000000000001,ok,,0.9649534531506405,0.19421496389231474,10.973950908601811,0.2059435949528363,-0.26930396623300323,883,1.5888957077505468,0.7211737970627544,10.092840978989358,1.924284394221798,,,,
2,1,1.2,0.012,ok,,0.9450097223774385,0.19466404118596614,11.037089590039585,0.2120468683054524,-0.2734295828116591,883,1.549766052837334,0.7119348213322353,10.332987222525391,1.8839086606205062,,,,
2,1,1.3,0.013000000000000001,ok,,0.9250440285549157,0.19410307298193508,10.95826736762959,0.2173611945628484,-0.2852615920627738,883,1.5100680823092891,0.680438861671996,10.577703624811106,1.8350209068691063,,,,
2,1,1.4,0.013999999999999999,ok,,0.9123060880738885,0.19411834889995006,10.960407439817422,0.2213848033616174,-0.2919145285601571,883,1.4855704160504146,0.6649835136929355,10.713870526438328,1.811841466824986,,,,
2,1,1.5,0.015,ok,,0.9105535247820516,0.19612516145840697,11.244663504110417,0.22438970067198202,-0.2925669576569503,883,1.4836384540502932,0.6703599170223924,10.701367940327334,1.8327111314369768,,,,
2,1,1.6,0.016,ok,,0.9122987424573735,0.19845274193153117,11.582206940984735,0.2266471916201932,-0.2932193867537435,883,1.4882053611797765,0.6768063467038049,10.684801273949068,1.8573367612871257,,,,
2,1,1.7,0.017,ok,,0.914020240210893,0.2005878778663579,11.899420209430248,0.22866744729930913,-0.29387181585053745,883,1.4930949214255247,0.6825692939821641,10.674692480527305,1.879097484375019,,,,
2,1,1.8,0.018000000000000002,ok,,0.915806932003545,0.20262471770534463,12.20893581689347,0.2305387497336284,-0.29452424494733076,883,1.4976111672554246,0.6879729637931153,10.657231092695346,1.9012885799598283,,,,
2,1,1.9,0.019,ok,,0.9179955694270878,0.20465159669761834,12.523771115743088,0.23225388300220987,-0.2951766740441245,883,1.5024292291586356,0.6933190007657108,10.630019958902803,1.9252230709709959,,,,
2,1,2.0,0.02,ok,,0.9197777363358427,0.20650970253314016,12.818498568630634,0.23389318437575826,-0.2958291031409179,883,1.506249067433204,0.6980709481946049,10.616896369662044,1.9451042502707763,,,,
2,1,2.1,0.021,ok,,0.9212481238349597,0.2082499703420675,13.099932937211232,0.23549025156679376,-0.29648153223771156,883,1.5091513880791811,0.7024045267517635,10.601990015294122,1.9642535980665154,,,,
2,1,2.2,0.022000000000000002,ok,,0.9212047013022066,0.2093766077699386,13.284959751214561,0.23686768169133912,-0.2971339613345051,883,1.5084408587574885,0.7046539104098851,10.58357829321468,1.9783158584859117,,,,
2,1,2.3,0.023,ok,,0.9216872517591475,0.2103474605648732,13.446207946229181,0.23787325912762636,-0.29778639043129906,883,1.5091382571300123,0.7063702953658034,10.57010649010721,1.990022151259705,,,,
2,1,2.4,0.024,ok,,0.9210594924188324,0.21091318871566478,13.540946964391315,0.23877604660379653,-0.2984388195280926,883,1.5078119422813783,0.7067216960889069,10.563181511703691,1.9966824245326016,,,,
2,1,2.5,0.025,ok,,0.9198795252520796,0.21120929692801016,13.590764071433078,0.23955082107887393,-0.29873767413497043,883,1.5051222612352615,0.7070058958569292,10.565125943973317,1.9991176446740857,,,,
2,1,2.6,0.026000000000000002,ok,,0.9208957855817362,0.21175945713182398,13.683743760302596,0.2398600043879551,-0.29873767413497054,883,1.5069227285809335,0.7088475122697462,10.569242596088557,2.003544295692403,,,,
2,1,2.7,0.027000000000000003,ok,,0.9216820222626563,0.21218663583469932,13.756318094279171,0.24009992120992235,-0.29873767413497054,883,1.5083696431599587,0.7102774581381818,10.572678833084476,2.0069335235145505,,,,
2,1,2.8,0.027999999999999997,ok,,0.9229281990527625,0.21270156454514488,13.844243147980276,0.2402825357478946,-0.29873767413497043,883,1.5108374767134767,0.7120011400003261,10.571520071389036,2.0120244118989516,,,,
2,1,2.9,0.028999999999999998,ok,,0.9240718063257489,0.21317203560524067,13.925001991042652,0.2404464806658483,-0.2987376741349709,883,1.5131809248141677,0.7135760035037586,10.570931840869724,2.016586984139536,,,,
2,1,3.0,0.03,ok,,0.9251264020542898,0.21361397193842135,14.001234106133447,0.24060652321176518,-0.29873767413497077,883,1.5153665559882226,0.7150553493360525,10.571048890040528,2.0207452842231852,,,,
2,2,0.1,0.001,ok,,1.9721976782522797,0.053002773456844565,1.0594260065900092,0.026358338546575797,-0.02834264222801708,408,3.3380604674619905,1.870071711396428,0.7198449775265016,7.3630816511313695,,,,
2,2,0.2,0.002,ok,,1.4610395817774167,0.07732742755556377,1.8345422916679213,0.05189454709600082,-0.06596576996887882,620,2.4377118633365695,1.1722356548259063,1.8062452957371826,4.281114405560521,,,,
2,2,0.3,0.003,ok,,1.2751454347488376,0.10010107010170044,2.798070087978929,0.07714419445275456,-0.10396757164651649,873,2.1134001483981826,0.9628105044334216,3.092040954783014,3.2373785329995766,,,,
2,2,0.4,0.004,ok,,1.1781370102779318,0.1210604999161482,3.9455646925257515,0.10135342951690247,-0.15363616627451293,882,1.9477683740560783,0.7879687631611465,4.490770444226544,2.6957623735095804,,,,
2,2,0.5,0.005,ok,,1.1343577189571794,0.1415936834152216,5.374955214347712,0.12346107417465557,-0.1921847616191127,882,1.8796894424344597,0.7367581187099704,5.654357213917767,2.504151719786992,,,,
2,2,0.6,0.006,ok,,1.1063173616060509,0.1599313577493393,6.966819911535805,0.14340297251181328,-0.2263147057962973,882,1.841847679965186,0.7066768250282917,6.803143815022524,2.3508448755145097,,,,
2,2,0.7,0.006999999999999999,ok,,1.0780554951356525,0.1741363622450398,8.445600006297843,0.1609312728297274,-0.253453196434818,882,1.7961922477209349,0.6870553013121041,7.753925227668265,2.2457833565852625,,,,
2,2,0.8,0.008,ok,,1.0490231914064205,0.18312676827977326,9.509172133319856,0.17489202228608702,-0.2687840914883184,883,1.7486100853193118,0.6813155022150265,8.387498145282446,2.183330059903179,,,,
2,2,0.9,0.009000000000000001,ok,,1.0252050907302346,0.1892260930188603,10.292913688578789,0.1859085624660842,-0.27807305193491827,883,1.7087203099972368,0.6804905822486812,8.923941175636257,2.1204318730324765,,,,
2,2,1.0,0.01,ok,,0.9981800712728666,0.19178522865904557,10.637638372827151,0.19479310998785612,-0.2841938635873671,883,1.657602622548963,0.6748394431820194,9.385274212475938,2.0434696346336216,,,,
2,2,1.1,0.011000000000000001,ok,,0.9709723402744728,0.19223046431968127,10.69860179173532,0.2021437954227559,-0.2863635694911085,883,1.6050342006517158,0.6712811432728351,9.663920871704242,1.9891560255064593,,,,
2,2,1.2,0.012,ok,,0.9552682027440236,0.19394908063095695,10.936713733981245,0.2083015167582631,-0.28636356949110797,883,1.5748839909237216,0.6772826619518003,9.798436854407887,1.9793879729265977,,,,
2,2,1.3,0.013000000000000001,ok,,0.9398590873178528,0.1947327414517792,11.046775822593464,0.213609656526874,-0.2863635694911072,883,1.5455981102816887,0.6800192559334141,9.940119957314238,1.959058263763598,,,,
2,2,1.4,0.013999999999999999,ok,,0.9269210800435416,0.19503908559209338,11.09005624862224,0.2178598596168708,-0.2863635694911074,883,1.5212322044705346,0.681089029371629,10.056397969311657,1.9394527363304364,,,,
2,2,1.5,0.015,ok,,0.9203967965049141,0.19615016192308632,11.248243939484388,0.22121433517959546,-0.28636356949110797,883,1.5097013454524049,0.684968979370042,10.132366520958117,1.9358770877204545,,,,
2,2,1.6,0.016,ok,,0.9173999306736359,0.1974000393757842,11.42848903274902,0.22366876760309182,-0.28636356949110986,883,1.5052874802489147,0.6893336318114043,10.140885718811704,1.9465759190008434,,,,
2,2,1.7,0.017,ok,,0.9188864462561149,0.19966376860209145,11.761226413221955,0.22590781248759806,-0.2863635694911081,883,1.508918856241796,0.697238719844534,10.131649023786808,1.9706936958961598,,,,
2,2,1.8,0.018000000000000002,ok,,0.9192383223105721,0.20152569295283107,12.041083186042933,0.22803088362600601,-0.2863635694911084,883,1.5100851297960165,0.7037406794130928,10.115493483817442,1.9922477660158422,,,,
2,2,1.9,0.019,ok,,0.920358628279629,0.20343556234372673,12.334058613192378,0.2299572579423703,-0.28636356949110753,883,1.512226946980114,0.7104100661451073,10.089264882358615,2.0163566396144477,,,,
2,2,2.0,0.02,ok,,0.9211848606241712,0.2051781860439459,12.6066989367594,0.23177709318079037,-0.2863635694911082,883,1.5136341270686142,0.7164954201701164,10.06802248764338,2.037919425545223,,,,
2,2,2.1,0.021,ok,,0.9216632279903924,0.20671901127501746,12.85206964988343,0.2334708370964768,-0.28636356949110786,883,1.5140531263177464,0.7218760809637013,10.046440653474592,2.057634324486086,,,,
2,2,2.2,0.022000000000000002,ok,,0.9227474561639364,0.20829384460921352,13.107096533866303,0.2349990144572907,-0.2863635694911082,883,1.5153253241264428,0.7273755002403726,10.025020466552164,2.077739844064883,,,,
2,2,2.3,0.023,ok,,0.9231872346830761,0.20934174804389394,13.27920112732763,0.23610966341019715,-0.2863635694911072,883,1.5157000069786137,0.7310348464223725,10.009198743456468,2.0914935691605834,,,,
2,2,2.4,0.024,ok,,0.9236198412761006,0.2102458015959061,13.42924461231354,0.23704730429768997,-0.2863635694911074,883,1.516402602690074,0.7341918595634594,9.999735735192667,2.1025135779936215,,,,
2,2,2.5,0.025,ok,,0.9234115790657358,0.2108926882073987,13.537503820732423,0.23789687702156762,-0.28636356949110764,883,1.5158533601475306,0.7364508292104786,9.986314413559228,2.1118170275217114,,,,
2,2,2.6,0.026000000000000002,ok,,0.9225138579446618,0.21118919570881123,13.587377244429124,0.23856832214695234,-0.2863635694911083,883,1.5134817186027532,0.7374862524730776,9.994222788675163,2.113112746977362,,,,
2,2,2.7,0.027000000000000003,ok,,0.9210851228330799,0.21110239411508624,13.572760542390917,0.23896514675906091,-0.2863635694911081,883,1.5100955540915713,0.7371831357257935,10.003583469624486,2.110267733118746,,,,
2,2,2.8,0.027999999999999997,ok,,0.9201680403271901,0.21111111526791038,13.57422850080561,0.23929962630438908,-0.28636356949110675,883,1.5077475319880023,0.7372135905522947,10.006413336466043,2.109758093827337,,,,
2,2,2.9,0.028999999999999998,ok,,0.9193846323902897,0.2111453082482797,13.579985242579824,0.23961890171093692,-0.2863635694911083,883,1.5056848802531886,0.7373329946386069,10.00721175000038,2.1099314526673396,,,,
2,2,3.0,0.03,ok,,0.9199064045269395,0.2114435507737471,13.630287052460803,0.23979792704134953,-0.2863635694911073,883,1.5063145095001556,0.7383744767167851,10.00827443952272,2.1126873773440464,,,,
2,3,0.1,0.001,ok,,1.9640711479780535,0.05374844615289587,1.0799197711999131,0.02683418826005969,-0.02852273966694796,330,3.366921309366283,1.884406855039222,0.7351118963451182,7.3116006447625495,,,,
2,3,0.2,0.002,ok,,1.4470546023940907,0.07831007794389522,1.8709226577771778,0.053068259551404415,-0.06472454422848195,421,2.4388191583567673,1.2098977115614045,1.854206140084671,4.223374966297936,,,,
2,3,0.3,0.003,ok,,1.2580028756467971,0.10134312716758975,2.858495200622943,0.07921982873973196,-0.10073409924546961,607,2.1056254262750196,1.0060458963417747,3.0889552983086648,3.28082207026691,,,,
2,3,0.4,0.004,ok,,1.1726907549740921,0.12393693830138797,4.1260537221954845,0.104259460964564,-0.13598747588698634,617,1.9658531379861734,0.9113849455106212,4.2552616432273895,2.912557409921999,,,,
2,3,0.5,0.005,ok,,1.1202870380028316,0.14438279146413513,5.596311886440854,0.1276507200120367,-0.1705444018450698,748,1.8788146961897902,0.8465994186974191,5.322332820617352,2.7127726944251442,,,,
2,3,0.6,0.006,ok,,1.0951766175226132,0.16408045878990007,7.37483910613089,0.14883281966779693,-0.20436603619877258,748,1.844211105059924,0.8028753791080552,6.204943941151561,2.644350381664347,,,,
2,3,0.7,0.006999999999999999,ok,,1.070482263470267,0.17984421113382099,9.108582707594326,0.16760118289576328,-0.23979169596135508,748,1.8076501712446678,0.7500018314345829,6.998504512302248,2.569752020845078,,,,
2,3,0.8,0.008,ok,,1.0681714785354852,0.1954227867941296,11.144469379593119,0.18270708923959877,-0.2678436425512789,615,1.8181928259982851,0.7296151774695034,7.4883044540431944,2.609706749952108,,,,
2,3,0.9,0.009000000000000001,ok,,1.0690813079200676,0.20880100584510375,13.190149254830368,0.19513805974518178,-0.2903952115740299,615,1.832652220568461,0.7190235841470632,7.946006231600948,2.627747823991259,,,,
2,3,1.0,0.01,ok,,1.0668788012166461,0.2187285025700032,14.910171174547822,0.20504642906564466,-0.30716022801067167,615,1.8347147509337154,0.7120990369964302,8.378393230144766,2.610625886870959,,,,
2,3,1.1,0.011000000000000001,ok,,1.0596031553861878,0.2245624329895184,16.009269283980103,0.21240163813609073,-0.3134556806556451,615,1.82117672139889,0.7164088796215414,8.632896559297716,2.6012408633306556,,,,
2,3,1.2,0.012,ok,,1.0535805329655874,0.2284675951584585,16.783941325679635,0.21772619615017344,-0.3168669331754226,615,1.8068875132576,0.7210206280248724,8.767064825102167,2.6059758849313175,,,,
2,3,1.3,0.013000000000000001,ok,,1.0464179003265288,0.2313198652041084,17.370313240367775,0.2224232941855177,-0.3208410347725257,615,1.7896812775310942,0.7209796757079804,8.931288762548805,2.589994247796491,,,,
2,3,1.4,0.013999999999999999,ok,,1.0378302646203554,0.23265623769568378,17.651176686215717,0.22610833768098038,-0.32407752710152726,615,1.769862501763282,0.717903027021053,9.10881550751603,2.5541876164218085,,,,
2,3,1.5,0.015,ok,,1.0369903236144873,0.2352377328313735,18.20504928013897,0.22892834696562503,-0.32651676880232194,615,1.7668019343074373,0.7204461004996343,9.20640842520713,2.5551520415637112,,,,
2,3,1.6,0.016,ok,,1.039428676747152,0.23819453870224128,18.85819396706669,0.23118942266988898,-0.32589770250689865,615,1.7719121882643303,0.7308874437284477,9.228748737474179,2.5810057839697222,,,,
2,3,1.7,0.017,ok,,1.0412930899064776,0.2408215618680254,19.45573344091137,0.23327342748311514,-0.3249981612418382,615,1.7756396972138198,0.7409936134648615,9.23672816414948,2.6072171616214312,,,,
2,3,1.8,0.018000000000000002,ok,,1.041153896950163,0.242687581244994,19.890270275928412,0.2351755515047917,-0.32403147537785826,615,1.7744738330463838,0.7489629856543787,9.242208221257597,2.625861433058811,,,,
2,3,1.9,0.019,ok,,1.0405951824274966,0.24442478574255921,20.302499144469785,0.23707561052616738,-0.3230189356242783,615,1.772179665716175,0.7566887225053072,9.24801114354735,2.6429983912065533,,,,
2,3,2.0,0.02,ok,,1.0398650677180545,0.24614614567296944,20.71840731317845,0.23901562531772344,-0.32204937309453185,615,1.7694737759176011,0.7643118299153392,9.252911517937063,2.6602020909397797,,,,
2,3,2.1,0.021,ok,,1.0382432088887696,0.24743648540555374,21.035104538220963,0.24079843266405324,-0.31926480593491746,615,1.7648362014742063,0.7750196100725051,9.22786187075017,2.6814064717403343,,,,
2,3,2.2,0.022000000000000002,ok,,1.0375164898351803,0.2485443790474342,21.31043852580699,0.24213385846500785,-0.3150563693055497,615,1.7623553242247048,0.7888886029991335,9.176975465434008,2.708347428666464,,,,
2,3,2.3,0.023,ok,,1.0366509252508136,0.2491889621575869,21.472096909573448,0.24304755540213202,-0.3121882589752891,615,1.7599871305871724,0.7982009412381877,9.143311870338849,2.72536872515486,,,,
2,3,2.4,0.024,ok,,1.0346127572734252,0.24939554052288115,21.524135477131843,0.24388305876547353,-0.3101496385838315,615,1.7551380363345264,0.8041135938821065,9.122610812270315,2.7338176061115433,,,,
2,3,2.5,0.025,ok,,1.0324468052316198,0.24954504678824874,21.56186694248014,0.24470567848242247,-0.307960128132723,615,1.7499058192829073,0.8103160896228137,9.100128076377526,2.7422146665828544,,,,
2,3,2.6,0.026000000000000002,ok,,1.0297451463753606,0.24929458232893942,21.498689422922716,0.24529592061728073,-0.3074783759294839,615,1.7431270086707429,0.8107711040665566,9.104281429760649,2.7382126118600594,,,,
2,3,2.7,0.027000000000000003,ok,,1.0280395646135043,0.2491847882209417,21.47104661657434,0.2457212770462872,-0.3074783759294817,615,1.7385659993743905,0.8104140249462315,9.11124554739367,2.7349146384516283,,,,
2,3,2.8,0.027999999999999997,ok,,1.0264319990310178,0.24907499388717502,21.443435291331085,0.24611778421958921,-0.30747837592948357,615,1.7342742096835302,0.8100569450916358,9.116518710373503,2.732128368296525,,,,
2,3,2.9,0.028999999999999998,ok,,1.0254016407171178,0.2490804063239771,21.444795684550435,0.24645122250243615,-0.3074783759294827,615,1.7313383831839209,0.81007454774999,9.116422808754304,2.732216479525177,,,,
2,3,3.0,0.03,ok,,1.0248409991278375,0.24910870026624954,21.45190849427212,0.24665878391235752,-0.3074783759294829,615,1.7297588473847192,0.8101665670413848,9.11668813409618,2.732447316417345,,,,
2,4,0.1,0.001,ok,,1.9990284299812495,0.054706587252710825,1.1065309350793244,0.026819368443474753,-0.027753411965919406,317,3.398600535078049,1.9711661874183015,0.6283367362766377,8.706571507642229,,,,
2,4,0.2,0.002,ok,,1.4823040475204974,0.08027565975451023,1.9449983183271353,0.053033879362866264,-0.061475817596400084,324,2.477793069446906,1.30580873737271,1.52376574743493,5.268241518727161,,,,
2,4,0.3,0.003,ok,,1.291811572883498,0.10408898817271828,2.9952608916372085,0.0790655483236341,-0.09459405380011054,324,2.1454113008938727,1.1003755943547124,2.466540925710202,4.220038965813935,,,,
2,4,0.4,0.004,ok,,1.2079242525507494,0.12794646678641142,4.387860623137584,0.10415968663380494,-0.12709817522370093,324,2.013376960778873,1.0066743016665458,3.3348610894913406,3.836635570506681,,,,
2,4,0.5,0.005,ok,,1.1509896034097453,0.14885456410621534,5.966157892830934,0.1276393319012436,-0.15951620489391605,324,1.9117381805596663,0.9331626476771367,4.158305398958815,3.5796929235521415,,,,
2,4,0.6,0.006,ok,,1.131088431560363,0.16995893529808725,7.9862212124854555,0.14852951503921408,-0.1775828885808819,324,1.8895967861566176,0.957068198722749,4.904926483852609,3.465065905831718,,,,
2,4,0.7,0.006999999999999999,ok,,1.1134138520509098,0.187217767503713,10.02905133938736,0.16659485475436298,-0.19432206468239333,324,1.8664691957565278,0.9634406046977123,5.582555189194207,3.353621436042377,,,,
2,4,0.8,0.008,ok,,1.1041920040227091,0.20173199782405749,12.07244007628616,0.18129779749605962,-0.20401848574509684,324,1.861541973399006,0.9887927414386551,6.097498903093479,3.308438443862805,,,,
2,4,0.9,0.009000000000000001,ok,,1.0880905586419665,0.2113322473303989,13.61149571287431,0.19335784662445205,-0.21250850431388246,336,1.8388034952543506,0.9944648945354856,6.55536082233603,3.2238080108470637,,,,
2,4,1.0,0.01,ok,,1.070200525777469,0.21798370764295116,14.774702028976007,0.20359268585670112,-0.22310313180192554,336,1.8084822546145267,0.9770535531364953,6.979232065955949,3.1233193793090166,,,,
2,4,1.1,0.011000000000000001,ok,,1.0568100295263607,0.22293593145531632,15.695958410436184,0.21156775101323522,-0.23198468205782707,336,1.7845666853875777,0.9609941892617929,7.326002079659602,3.0430776435935014,,,,
2,4,1.2,0.012,ok,,1.0472674295251903,0.2265471095663254,16.398968524686083,0.21753467511448524,-0.2347680936692138,336,1.764545730205178,0.9649825324455218,7.550004641237006,3.0006221231833248,,,,
2,4,1.3,0.013000000000000001,ok,,1.0379696463910897,0.2289567731368476,16.883255945647626,0.2224080472169705,-0.23859053408533615,435,1.7455578519338135,0.9596221996592587,7.740330264486186,2.957971627998047,,,,
2,4,1.4,0.013999999999999999,ok,,1.0259162777051785,0.22962125533873978,17.018986447071228,0.22642857631673902,-0.24612139393239452,435,1.7213997197195936,0.9329593485148754,7.965273692975332,2.882779226296335,,,,
2,4,1.5,0.015,ok,,1.022836440171985,0.23195613452821018,17.50354359242808,0.2296923809236321,-0.24999839989670292,435,1.715083255075271,0.9278304766112597,8.083230104945445,2.869597073406284,,,,
2,4,1.6,0.016,ok,,1.025077644726893,0.2351678048439334,18.189846786466447,0.2323186968890343,-0.248494027342684,435,1.7201481910750631,0.9463720611667935,8.09309308532208,2.9057840106947745,,,,
2,4,1.7,0.017,ok,,1.0260713421114687,0.2378196544056963,18.774257055580065,0.23472845596686323,-0.2447956109151208,435,1.7229282692567842,0.9715029346999063,8.086661175316046,2.9408880779081454,,,,
2,4,1.8,0.018000000000000002,ok,,1.0263665242197135,0.2398724713656899,19.237954475139745,0.236733023405459,-0.24098344265889027,435,1.7238403486430913,0.9953898438791376,8.072932254266052,2.971317779099805,,,,
2,4,1.9,0.019,ok,,1.0263353428366826,0.24166927373217062,19.652087715571245,0.2385777167409938,-0.23674053493117841,435,1.7233413338891457,1.020819158841662,8.052979328846884,3.000992103214246,,,,
2,4,2.0,0.02,ok,,1.0252970194969189,0.2431193644113816,19.992032500435105,0.24037741170346608,-0.23589657342304782,435,1.7207775709174626,1.0306184650481578,8.064188359967813,3.0148026504226144,,,,
2,4,2.1,0.021,ok,,1.0240351079839873,0.2445473231400126,20.33185987603767,0.24223072242531832,-0.23507850677466613,435,1.7177049623907312,1.0402793794092915,8.077115557079647,3.0276566109750056,,,,
2,4,2.2,0.022000000000000002,ok,,1.0219392577902302,0.24541952422660684,20.541932802230182,0.24378313418380765,-0.24108650728253844,435,1.7125629580091957,1.0179728720321555,8.089976987005215,3.0336245037633582,,,,
2,4,2.3,0.023,ok,,1.0214394419250572,0.24622155718782057,20.736799184630115,0.24476772089251728,-0.24117071599015416,435,1.7112728875254586,1.0209430119943443,8.106781233925224,3.03722957463603,,,,
2,4,2.4,0.024,ok,,1.021517979631817,0.24699556787156918,20.92640792390841,0.245544551959082,-0.24125817704629993,435,1.7105246774654426,1.0237811248327893,8.128672232836681,3.0385721160437855,,,,
2,4,2.5,0.025,ok,,1.0206680412493865,0.2474083978534376,21.028165398332508,0.24624353047883565,-0.24134888673582044,435,1.7078090721169736,1.0251068534003633,8.139360340204183,3.039654070005594,,,,
2,4,2.6,0.026000000000000002,ok,,1.0204412633309468,0.24781347818744925,21.1284387414471,0.24673656037597097,-0.2414428413435612,435,1.706665975215529,1.0263856936425917,8.148238979698672,3.041313329234406,,,,
2,4,2.7,0.027000000000000003,ok,,1.0198261249860077,0.24799445597757708,21.17337470474752,0.2471234391173395,-0.24154003715436712,435,1.7045090316682852,1.0267219418331255,8.154543129709591,3.041181486600451,,,,
2,4,2.8,0.027999999999999997,ok,,1.0200770784645006,0.2483706783400157,21.267060282528988,0.24743502631292894,-0.24164047045308368,435,1.7043251382819857,1.0278521552052629,8.156380138082511,3.0451091554740275,,,,
2,4,2.9,0.028999999999999998,ok,,1.021199999655593,0.24891653701105,21.403641736435315,0.24764142970351694,-0.24174413752455604,435,1.7061743453195874,1.0296693833403319,8.151706838275624,3.0535511390361125,,,,
2,4,3.0,0.03,ok,,1.0221730340254602,0.2494032236579753,21.52607307020451,0.24783386292827644,-0.24185103465362956,435,1.7077297302278693,1.0312266144123043,8.148561600934071,3.060702438935801,,,,
2,5,0.1,0.001,ok,,1.919493751602505,0.05177561836421263,1.0261070945297974,0.026476270838300668,-0.022484643462614806,191,3.207074953586884,2.302710223104044,0.6187990557903928,8.367113343131974,,,,
2,5,0.2,0.002,ok,,1.4035845739441708,0.07481834421074018,1.7435819947889657,0.052375702316126274,-0.04729236898102962,246,2.306997770994267,1.5820384096375475,1.5980956963637738,4.681718646823096,,,,
2,5,0.3,0.003,ok,,1.2224737455263168,0.09675009399174805,2.6394021873172595,0.07802930424752526,-0.074015086108417,311,1.9990436575384616,1.307167215208382,2.6159587115853,3.6984564612304767,,,,
2,5,0.4,0.004,ok,,1.1432523045971306,0.11871808117318716,3.8029624964658435,0.10274135487543193,-0.10113426686174398,487,1.8707907286902696,1.173866038258637,3.580706776959956,3.3154929618107296,,,,
2,5,0.5,0.005,ok,,1.0962110380787802,0.13866983922974496,5.150324636788221,0.1256721929019458,-0.12766996643668227,622,1.7921729362777195,1.0861586565742387,4.490208725835985,3.088271563677198,,,,
2,5,0.6,0.006,ok,,1.0688684290159811,0.15677595807527767,6.668962015452462,0.14627581620828736,-0.1495480419842109,955,1.7503981467991212,1.0483317333691997,5.380419450909718,2.913824089472617,,,,
2,5,0.7,0.006999999999999999,ok,,1.0532765042507901,0.1721278926926173,8.222079895429273,0.16349626547963625,-0.17656253670260413,1212,1.7306853479333648,0.974883437376886,6.412030571778807,2.684452152336917,,,,
2,5,0.8,0.008,ok,,1.034160095284686,0.1826020901063421,9.44416837075956,0.17741543186736008,-0.20318504974414653,1213,1.704453584565613,0.8986984541248345,7.3745477426897565,2.476112386516881,,,,
2,5,0.9,0.009000000000000001,ok,,1.0192063736203612,0.1904690894770713,10.459147822429728,0.1885148034476428,-0.21271593665924815,1214,1.6834347490283135,0.8954152306048686,8.031324211218806,2.3715776435847107,,,,
2,5,1.0,0.01,ok,,0.9991594393864314,0.19493161535721049,11.074856396098031,0.1978425100224913,-0.21144474731301954,1214,1.6515545156419114,0.9219033238439199,8.252720263187928,2.362028629841268,,,,
2,5,1.1,0.011000000000000001,ok,,0.9738361672317507,0.1959877650173376,11.225003647088267,0.20547741415751328,-0.20938804464179406,1214,1.6048900836146072,0.9360026516920741,8.452210161022974,2.318775341402741,,,,
2,5,1.2,0.012,ok,,0.954796419062737,0.19717772858566374,11.396250546968577,0.21205392242426147,-0.20834720037743115,1213,1.5708836394744479,0.9463901037713328,8.607238853927935,2.2908360268831296,,,,
2,5,1.3,0.013000000000000001,ok,,0.9388816050092273,0.1971106585644249,11.386539618771408,0.21663697462696996,-0.21392304137456064,1213,1.542042659259365,0.9214092007008318,8.734857115377599,2.256598544896793,,,,
2,5,1.4,0.013999999999999999,ok,,0.9274901870272951,0.19749518805854316,11.442310831032591,0.220573390468456,-0.2179653325140618,1213,1.5213106783316748,0.9060853199937287,8.872616572482332,2.225895669503602,,,,
2,5,1.5,0.015,ok,,0.9215102460779079,0.1985930483136733,11.60282758051711,0.2237714286947547,-0.22224395007819386,1213,1.5103071326691038,0.8935813471808827,9.002152740765506,2.206061750256259,,,,
2,5,1.6,0.016,ok,,0.9190932481604019,0.2000459909543486,11.818217419620785,0.2262954864510471,-0.22486507206025108,1213,1.506217305039116,0.8896267842822101,9.090185491848075,2.200681065680634,,,,
2,5,1.7,0.017,ok,,0.9190888235014228,0.20196835552668468,12.108450825885866,0.22860946742563995,-0.22486843136140477,1213,1.5067757660017989,0.8981623356552193,9.118381483136668,2.214958388176679,,,,
2,5,1.8,0.018000000000000002,ok,,0.9200848480033129,0.20403288109959328,12.426934853471309,0.2307648285383288,-0.22486843136140444,1213,1.508698123987843,0.9073433734754673,9.135153389724762,2.233491572556295,,,,
2,5,1.9,0.019,ok,,0.9226262466945915,0.20631928878990013,12.78802369923518,0.2326608089768083,-0.22486843136140455,1213,1.513406554826105,0.9175111310235781,9.119333626220982,2.262438213650465,,,,
2,5,2.0,0.02,ok,,0.9248740813021801,0.20848237721199436,13.137917782726277,0.2344947006062042,-0.2248684313614041,1213,1.517452278364645,0.9271304822548684,9.093962632649216,2.292536110314543,,,,
2,5,2.1,0.021,ok,,0.9239834388875542,0.2096888755504085,13.336640831062027,0.2362469793102351,-0.22486843136140444,1213,1.515422197809567,0.9324958344793198,9.105494404878359,2.302882921305905,,,,
2,5,2.2,0.022000000000000002,ok,,0.9215905617857578,0.21030806141012492,13.43963140603017,0.2378237866556824,-0.23120182007699863,1213,1.5098275899207025,0.9096297829320058,9.11949280079482,2.3061376987083677,,,,
2,5,2.3,0.023,ok,,0.9182865168224933,0.210466388488749,13.466076367543868,0.2391768623894675,-0.24070981937269265,1213,1.502366902502823,0.8743573030682328,9.135597872901823,2.3038053055404095,,,,
2,5,2.4,0.024,ok,,0.9166993770735075,0.2108752880185525,13.53458198227836,0.24023907177974674,-0.2458490307583846,1213,1.498485466429494,0.8577430115060994,9.137728548857098,2.307742967971266,,,,
2,5,2.5,0.025,ok,,0.9163960314541625,0.21142963153468908,13.627935842924344,0.24102492799357778,-0.24584903075838438,1213,1.4974593748685288,0.8599978242032525,9.136620122222256,2.3140902073891203,,,,
2,5,2.6,0.026000000000000002,ok,,0.9160915921748701,0.2116878670411837,13.67161363586683,0.24145293783423166,-0.24584903075838438,1213,1.4960374745136333,0.861048206650147,9.145885438820725,2.314569414380056,,,,
2,5,2.7,0.027000000000000003,ok,,0.9159858786873281,0.2119121036937588,13.709639081380704,0.24176726536398782,-0.24584903075838438,1213,1.4952913099326974,0.86196029750478,9.154743377921456,2.3147792892242984,,,,
2,5,2.8,0.027999999999999997,ok,,0.9169690467398887,0.21235220777909225,13.78453693141429,0.24195302367178498,-0.24584903075838438,1213,1.4969932784027153,0.8637504371037682,9.15713574914472,2.318980668151895,,,,
2,5,2.9,0.028999999999999998,ok,,0.9184433655914671,0.21290191606110143,13.878584812533031,0.2420954832205453,-0.2458490307583845,1213,1.499677895600881,0.8659863958151504,9.155780848840056,2.3253277855386187,,,,
2,5,3.0,0.03,ok,,0.9196483759806239,0.21336982642005276,13.959075477877223,0.24223376991779,-0.2458490307583845,1213,1.5018945001657416,0.8678896384576287,9.15675895965878,2.3301893973629704,,,,
3,1,0.1,0.001,ok,,1.7628053734423077,0.06049949012384759,1.2742740745935492,0.033637260481222966,-0.0383116484841165,448,2.949034470341734,1.5791408753640521,1.097843516715128,5.510757152792496,,,,
3,1,0.2,0.002,ok,,1.3312193979769062,0.08964964400782671,2.323322185768333,0.06613042975885094,-0.1036877299084834,882,2.194130728297992,0.8646118888604567,3.127117344508457,2.866846175928153,,,,
3,1,0.3,0.003,ok,,1.1949693327646673,0.11663173597722154,3.679173826592163,0.09618566952755461,-0.17325892911879182,1044,1.9606261703216783,0.6731643590920219,5.145646796396557,2.2666098275322266,,,,
3,1,0.4,0.004,ok,,1.1468589795913169,0.14070411137320882,5.3058184793693455,0.12119171552286338,-0.22015855859663114,1044,1.8886456114614292,0.6391035273400535,6.690324692577009,2.1030983971423933,,,,
3,1,0.5,0.005,ok,,1.1320966245544957,0.1616345923164102,7.132028130998249,0.1411468837870018,-0.2357570144469432,1036,1.8752047836963779,0.6855982321271966,7.495370010518033,2.1564591486423366,,,,
3,1,0.6,0.006,ok,,1.124785558683665,0.17659043253735685,8.725537187032264,0.15530269085774845,-0.23299561688399562,1029,1.8710154348039585,0.7579131096928664,7.673859447551521,2.3011945129344413,,,,
3,1,0.7,0.006999999999999999,ok,,1.1123300590308813,0.18614745980642433,9.89077937941323,0.16583274581738375,-0.23290624432132356,1029,1.8518813442948383,0.7992377376950461,7.964568819416627,2.3371944423735784,,,,
3,1,0.8,0.008,ok,,1.0905355412621285,0.19092831684968115,10.521135991800435,0.17413198713170328,-0.2329062443213229,1029,1.808019838287293,0.8197646971897927,8.241285965686748,2.3167296662757053,,,,
3,1,0.9,0.009000000000000001,ok,,1.0832735386522478,0.19619397338957234,11.254520732363183,0.18039994160681236,-0.24723229140792202,1029,1.793760938932016,0.793561279039643,8.422508223364677,2.329400793522711,,,,
3,1,1.0,0.01,ok,,1.0921669944941361,0.20214260639769055,12.135058124540363,0.18408515249792198,-0.24768776109748125,1029,1.8150447435514974,0.8161186709509408,8.34380266848653,2.422667630445734,,,,
3,1,1.1,0.011000000000000001,ok,,1.09683870041267,0.20608201202624188,12.75013594379804,0.18673121062501677,-0.24819588981277596,1029,1.8247735085459618,0.8303200032107613,8.321064141235922,2.476630494950525,,,,
3,1,1.2,0.012,ok,,1.093528748985894,0.20802032121581648,13.06249191863769,0.1891875723377654,-0.24876773424888954,1029,1.8186726270075206,0.8362029820462742,8.319549525816354,2.5003796247658556,,,,
3,1,1.3,0.013000000000000001,ok,,1.0891473017194453,0.2094146927076801,13.291253626103774,0.19139367394438053,-0.2476463709824347,1029,1.8107181951476883,0.8456198727116969,8.28701608471847,2.527021675435718,,,,
3,1,1.4,0.013999999999999999,ok,,1.083794848087318,0.2104224722228889,13.458736644294198,0.19347813260445856,-0.24843624282685917,1029,1.8006650143313947,0.8469878220205459,8.268113828076284,2.544987606585083,,,,
3,1,1.5,0.015,ok,,1.079426999058598,0.21107178163913165,13.567608888035828,0.1950424841961574,-0.2487201571634119,1029,1.7905928227298966,0.848631586785526,8.274277911461505,2.5509389930782436,,,,
3,1,1.6,0.016,ok,,1.0768010260502199,0.2112614414849936,13.599553240645283,0.1958019688911738,-0.2487201571634119,1029,1.785216102374083,0.8493941299103976,8.286879704954774,2.549348476226572,,,,
3,1,1.7,0.017,ok,,1.07452119303357,0.21136462359670993,13.616959479274183,0.1964066818021112,-0.2487201571634119,1029,1.7809980934490395,0.8498089821398795,8.297547641522938,2.547314372007823,,,,
3,1,1.8,0.018000000000000002,ok,,1.0742005462651392,0.21179212324827157,13.689281754503302,0.19687964953802797,-0.24872015716341278,1029,1.780791217255254,0.8515277799101785,8.306047996406829,2.5498543150712853,,,,
3,1,1.9,0.019,ok,,1.0739795155535306,0.21224238434360632,13.765813861609493,0.1973518637675272,-0.248720157163412,1029,1.7808450371909061,0.8533380919511104,8.315067277061447,2.552503512859285,,,,
3,1,2.0,0.02,ok,,1.0736269762276194,0.212686831903391,13.84172077638093,0.19784850390904984,-0.24872015716341178,1029,1.7806526130795994,0.8551250301906712,8.32478567908368,2.5548625526513455,,,,
3,1,2.1,0.021,ok,,1.073314325384008,0.2131359075753787,13.918785992849843,0.19834089249665918,-0.24872015716341156,1029,1.7804587265450704,0.8569305761388143,8.334903671692228,2.5571490202010447,,,,
3,1,2.2,0.022000000000000002,ok,,1.0730172919925023,0.21340139109418121,13.964519812658224,0.1986593841313029,-0.24872015716341167,1029,1.779182032620728,0.8579979746232402,8.34457516560718,2.5573667545560825,,,,
3,1,2.3,0.023,ok,,1.0724232324213905,0.21357166240543068,13.993920275280942,0.1989561438944217,-0.248720157163412,1029,1.7772338142734774,0.8586825645382318,8.356126333804452,2.55586923741726,,,,
3,1,2.4,0.024,ok,,1.071753677255693,0.21370850639164574,14.017587760715,0.1992391810925297,-0.248720157163412,1029,1.7750311473596432,0.8592327571232468,8.368609420114447,2.553691965572974,,,,
3,1,2.5,0.025,ok,,1.0719870286339563,0.21401518216069082,14.07075407968133,0.19947645343464257,-0.24872015716341234,1029,1.7746834251760113,0.860465772462825,8.375633642316073,2.555211835907262,,,,
3,1,2.6,0.026000000000000002,ok,,1.0725130097961182,0.2143839703751833,14.134919851352775,0.19970524362573686,-0.24872015716341178,1029,1.7749040808706988,0.8619485160357581,8.380770216115215,2.558046156222595,,,,
3,1,2.7,0.027000000000000003,ok,,1.072829321894077,0.21465988856853246,14.183092877529184,0.19989393964237737,-0.24872015716341178,1029,1.7748749030279705,0.8630578679937816,8.385181655270785,2.5599909148491835,,,,
3,1,2.8,0.027999999999999997,ok,,1.0738242042332886,0.2150244541539148,14.246961343705795,0.20001013198912485,-0.24872015716341223,1029,1.7764609245490413,0.8645236341365009,8.383784804886051,2.5647659041606006,,,,
3,1,2.9,0.028999999999999998,ok,,1.074751050943505,0.2153451871505636,14.30335693301825,0.20010020033358042,-0.24872015716341245,1029,1.778006537452784,0.8658131677243954,8.383093853674538,2.568803247457047,,,,
3,1,3.0,0.03,ok,,1.0755989598910527,0.21563805090221733,14.355021287363614,0.20018188571811513,-0.248720157163412,1029,1.7793849892629434,0.8669906507036366,8.383282633772343,2.5722388272287517,,,,
3,2,0.1,0.001,ok,,1.7808350003786309,0.061022918394621595,1.290026253303271,0.03357252874751295,-0.04705401664917663,448,2.98753609463541,1.2968694861820982,1.148487130140657,5.31333062366559,,,,
3,2,0.2,0.002,ok,,1.3805928060017048,0.09190946704572545,2.42104066901689,0.06522263550283211,-0.09443858913312897,617,2.2903078776378516,0.9732193999230733,2.6542672655946964,3.462705818554141,,,,
3,2,0.3,0.003,ok,,1.2573970153667953,0.12168837250579223,3.984451042949863,0.09490616248691532,-0.12877777544258484,743,2.0734662370646424,0.9449485525555347,3.9599906640383287,3.0729459443143377,,,,
3,2,0.4,0.004,ok,,1.2141046919223846,0.14836527284959278,5.924771886926393,0.11985756728624813,-0.15419097010863136,881,2.0190578587813572,0.9622176496137599,4.997344070862711,2.96888248529143,,,,
3,2,0.5,0.005,ok,,1.1829406305448196,0.1688802998542569,7.871024159403831,0.14021996709444012,-0.17081893909903634,881,1.9772756597924468,0.988650911573362,5.866150895898584,2.878894574163313,,,,
3,2,0.6,0.006,ok,,1.1463508945674032,0.1801130986832482,9.140855588968103,0.15492652584184474,-0.1879339014205983,881,1.916657946916305,0.958385354221711,6.250268198228977,2.8816859208423016,,,,
3,2,0.7,0.006999999999999999,ok,,1.1279954268733494,0.18747709692070913,10.062798271143002,0.16428536365336435,-0.19821915102570486,936,1.8834463662906011,0.9458071833654321,6.544759312428494,2.8645376853613276,,,,
3,2,0.8,0.008,ok,,1.1165233127248382,0.1929496412450158,10.797700984037059,0.17111938408020094,-0.20126503265358675,936,1.8601471315945486,0.958684371055735,6.769617984404753,2.85022938797309,,,,
3,2,0.9,0.009000000000000001,ok,,1.113425184778219,0.1983641251992252,11.569199205656401,0.1765015709692076,-0.2014092551489478,936,1.8567246178046806,0.9848808837137566,6.86165965555088,2.8909059200969622,,,,
3,2,1.0,0.01,ok,,1.108714910543384,0.20213191515835116,12.133424179067621,0.1807696437596309,-0.20122846731602262,936,1.8489527565038073,1.004489662195308,6.935896622270849,2.9142867341666365,,,,
3,2,1.1,0.011000000000000001,ok,,1.111084372707921,0.20604915582881023,12.744897175368886,0.1838114263864248,-0.1973378646835221,936,1.8536214369653197,1.0441440428032336,6.90440697169596,2.984313593817565,,,,
3,2,1.2,0.012,ok,,1.111642057646909,0.20943817650431606,13.295135815707162,0.18672943707736894,-0.193490366044192,936,1.8551583372593041,1.082421728720497,6.880905789671072,3.043758814700003,,,,
3,2,1.3,0.013000000000000001,ok,,1.109563050818103,0.21165986214725674,13.666871058198968,0.1891406045411812,-0.18696694104485678,936,1.85239271768574,1.1320710547244588,6.847666533111949,3.09097794297917,,,,
3,2,1.4,0.013999999999999999,ok,,1.10669469088936,0.2134833766356996,13.978669430720066,0.19137244530723616,-0.18109191198329533,936,1.847720578379031,1.1788675391278225,6.815845465518812,3.1321628067377194,,,,
3,2,1.5,0.015,ok,,1.1045219947689704,0.21491895617625456,14.228453487006753,0.19312611048787764,-0.17884552481306315,936,1.8423502356417685,1.2017016159666107,6.792599520876958,3.1640163020903,,,,
3,2,1.6,0.016,ok,,1.1010960505723029,0.215154649383265,14.269830711911501,0.1940713245217955,-0.17884552481306315,936,1.8343128291094182,1.203019475092562,6.803688128718038,3.1623238060414267,,,,
3,2,1.7,0.017,ok,,1.0977904496242878,0.21516017759003092,14.270802470435623,0.1947867872912379,-0.17884552481306293,936,1.8276915934514149,1.2030503856047035,6.815737431632604,3.1568143542538527,,,,
3,2,1.8,0.018000000000000002,ok,,1.0950631195313336,0.21520896272529932,14.2793805023226,0.19542108517307008,-0.17884552481306315,936,1.822619764719185,1.2033231636645354,6.827884433194933,3.151912789839031,,,,
3,2,1.9,0.019,ok,,1.0934658077570316,0.2154480273365964,14.32148064544048,0.19598702612116412,-0.17884552481306304,936,1.81982286701464,1.2046598737194674,6.839728351617455,3.149950060306816,,,,
3,2,2.0,0.02,ok,,1.0923451633842718,0.21577784614285256,14.379739750342601,0.19653386663441452,-0.17884552481306315,936,1.81797488499407,1.2065040283696928,6.851820476821603,3.149204607341767,,,,
3,2,2.1,0.021,ok,,1.0918019132141699,0.21624359124258596,14.462359213529844,0.19708008064529114,-0.17884552481306293,936,1.8170886118373972,1.2091082036780798,6.8622026016346265,3.151227146675547,,,,
3,2,2.2,0.022000000000000002,ok,,1.0903310258252124,0.21629543698458842,14.47158168024669,0.19745351138802508,-0.17884552481306304,936,1.8133120413256554,1.2093980948680132,6.873335289174375,3.146877431183338,,,,
3,2,2.3,0.023,ok,,1.0881528058449599,0.21615321301117119,14.446294682658145,0.19780639530797312,-0.17884552481306304,936,1.808095162614708,1.2086028612519308,6.888493675301339,3.1378879505426203,,,,
3,2,2.4,0.024,ok,,1.086092520220764,0.21601693462672333,14.422100799963525,0.19814044227176922,-0.17884552481306282,936,1.8030060388795062,1.207840871906153,6.903882984056073,3.1289194084777505,,,,
3,2,2.5,0.025,ok,,1.0843667436298914,0.21594753500713804,14.409793617714014,0.19846342827050142,-0.17884552481306315,936,1.7984698509811932,1.207452829657636,6.917831138677484,3.1216074905294926,,,,
3,2,2.6,0.026000000000000002,ok,,1.0825785447405367,0.2158749770349513,14.396936091574707,0.1987990194489705,-0.17884552481306293,936,1.793760924495077,1.2070471277410668,6.932334314186287,3.1140300979597315,,,,
3,2,2.7,0.027000000000000003,ok,,1.0811777750144351,0.21584037988762916,14.390808864035577,0.19908370653544566,-0.17884552481306293,936,1.7900620095605888,1.2068536806455452,6.941907967989439,3.1092371273562454,,,,
3,2,2.8,0.027999999999999997,ok,,1.0806592685842362,0.21594611827881138,14.409542473106505,0.19930035198593457,-0.17884552481306293,936,1.7883718653424021,1.2074449081380572,6.941663652737224,3.1108698012710523,,,,
3,2,2.9,0.028999999999999998,ok,,1.0803680114289045,0.21608038399707752,14.433360763301867,0.19949232577831977,-0.17884552481306293,936,1.7872256190738443,1.2081956438268953,6.93837064049974,3.114281366518555,,,,
3,2,3.0,0.03,ok,,1.0797069466859728,0.21610232343389524,14.437255993811949,0.1996634688588036,-0.17884552481306282,936,1.7853360226772421,1.2083183163781976,6.939932193908596,3.113896755699937,,,,
3,3,0.1,0.001,ok,,1.6381285976392457,0.056321129575635176,1.1520891281913364,0.033790666598016654,-0.040200390839846945,420,2.739486418954049,1.4010095026192937,1.0494831665615252,5.366558642399472,,,,
3,3,0.2,0.002,ok,,1.254470890615537,0.08387423210963463,2.085233698429554,0.06592836783867173,-0.08229763570610837,748,2.076773865471753,1.0191572502660515,2.5579305529839864,3.278987852574421,,,,
3,3,0.3,0.003,ok,,1.1679515851976683,0.11346614118734855,3.4969963590751574,0.09595812807848464,-0.12454010655181158,749,1.933840152104099,0.9110811314437409,3.7743841307407417,3.0062160410016414,,,,
3,3,0.4,0.004,ok,,1.1124450187032062,0.13619072705722957,4.965642623575922,0.12139145644685252,-0.16466494500088635,750,1.845113713450209,0.8270778401346837,4.928619926373442,2.763262923327928,,,,
3,3,0.5,0.005,ok,,1.084016559972524,0.15518411223450013,6.522653414693017,0.14242189568881458,-0.20311098775421677,750,1.8058392591423567,0.764036027545134,5.746183736534678,2.7006465395080843,,,,
3,3,0.6,0.006,ok,,1.0582271249256427,0.16715483817236154,7.689594218384384,0.1578051373160052,-0.23461311916119532,889,1.768379191066772,0.712470124305004,6.23379576776998,2.6814294917486197,,,,
3,3,0.7,0.006999999999999999,ok,,1.0532898955419143,0.17805162704384747,8.895855240766304,0.16910486913779518,-0.2494298087677982,889,1.7669708759635532,0.7138345970894007,6.578994208451595,2.7063654625978604,,,,
3,3,0.8,0.008,ok,,1.0582867697029896,0.185860220069483,9.853946088276492,0.1756110043015618,-0.2512737061690308,889,1.7737086798096156,0.7396723791881973,6.672719814106196,2.785374258882752,,,,
3,3,0.9,0.009000000000000001,ok,,1.0654981790358968,0.1928294725621318,10.781088251298412,0.18079112245126885,-0.25224567995056524,889,1.7851109959480767,0.7644510407469505,6.742600001385273,2.859868189163154,,,,
3,3,1.0,0.01,ok,,1.0601975139367243,0.1958907043225433,11.211133043302313,0.1848090611927871,-0.2523651206723033,889,1.7722162173560647,0.7762194070269632,6.796953859705042,2.882036694170587,,,,
3,3,1.1,0.011000000000000001,ok,,1.0573364810261916,0.1983982457452249,11.574206160406604,0.18782419455117605,-0.2504318722224631,889,1.7647700704044333,0.7922244240900144,6.786444541720916,2.923449009647618,,,,
3,3,1.2,0.012,ok,,1.0573895403100153,0.20092007051937322,11.949435795633276,0.1902327046396391,-0.24854413530736486,889,1.765333858645451,0.808387895658464,6.771710193635201,2.967050638230502,,,,
3,3,1.3,0.013000000000000001,ok,,1.054558127926095,0.20250794873843536,12.191007071393097,0.1923862126671668,-0.24386506620823845,889,1.7605927186829518,0.8304098323189599,6.729075584046191,3.009446783724005,,,,
3,3,1.4,0.013999999999999999,ok,,1.0551466865413524,0.204642021093568,12.522267493667064,0.19431058821207695,-0.2379964591117565,889,1.7625228464265978,0.8598532173853638,6.652544776757285,3.0761464666656275,,,,
3,3,1.5,0.015,ok,,1.0537194711952074,0.205899940803707,12.72112884265371,0.19584880927252274,-0.23408878181486892,889,1.7593732652369574,0.8795805557506156,6.604930870792408,3.1173670827383653,,,,
3,3,1.6,0.016,ok,,1.0480235705362788,0.20555360575969894,12.666108440354533,0.1968263604310753,-0.23408878181486892,889,1.7455204651768559,0.8781010527974071,6.620188925626409,3.104950750937206,,,,
3,3,1.7,0.017,ok,,1.0441986896316415,0.20526482948313474,12.620388782309359,0.19743558270121606,-0.23408878181486925,889,1.7363207340497475,0.8768674341919975,6.631838968393789,3.0951419427008378,,,,
3,3,1.8,0.018000000000000002,ok,,1.0402996617667504,0.20497134149787777,12.57406870354781,0.1980639538024451,-0.2340887818148688,889,1.7268356204931954,0.8756136877160614,6.644159990334554,3.0849850364237965,,,,
3,3,1.9,0.019,ok,,1.0367611250905355,0.20468190483304216,12.528531314752975,0.1986164086198476,-0.23408878181486847,889,1.7184352181103628,0.8743772480089069,6.6566729504888,3.0748379311321337,,,,
3,3,2.0,0.02,ok,,1.0345820985732381,0.2046037462940138,12.516258892022007,0.1990577799933469,-0.23408878181486925,889,1.7134767767631502,0.8740433638371705,6.667656885569762,3.0686004064909236,,,,
3,3,2.1,0.021,ok,,1.0335252634935945,0.2047469611203514,12.538754316424383,0.19945355481455027,-0.23408878181486936,889,1.7106679587437936,0.8746551608879611,6.677014353992852,3.0664448249675065,,,,
3,3,2.2,0.022000000000000002,ok,,1.032186581694713,0.20478652138894926,12.544974358082852,0.19981492566184397,-0.23408878181486958,889,1.7072462452324662,0.8748241577458667,6.687733119391727,3.0621216147987576,,,,
3,3,2.3,0.023,ok,,1.0303322486886757,0.2046733706640711,12.527190779922323,0.20014941614955328,-0.23408878181486836,889,1.7027509901835685,0.8743407910334603,6.701292746945138,3.054237120999882,,,,
3,3,2.4,0.024,ok,,1.0285787782016247,0.2045880711257635,12.513798828144555,0.20048918757075146,-0.23408878181486814,889,1.6983339949949028,0.8739764013448725,6.715187154483517,3.0466473445817,,,,
3,3,2.5,0.025,ok,,1.0270242054932799,0.2045562034724817,12.508798794295114,0.20083603028038133,-0.23408878181486859,889,1.6942123991216964,0.8738402664432549,6.728383638324518,3.0401982774486935,,,,
3,3,2.6,0.026000000000000002,ok,,1.025575019820502,0.20455473355379938,12.508568205546078,0.2011892742330971,-0.23408878181486825,889,1.6902886613938661,0.8738339871219194,6.741105789049913,3.0344388584744224,,,,
3,3,2.7,0.027000000000000003,ok,,1.0248773728902423,0.20467431363672417,12.527338894631775,0.2014815026691434,-0.2340887818148688,889,1.6880912166372641,0.8743448193027579,6.748324135314389,3.0329650670697794,,,,
3,3,2.8,0.027999999999999997,ok,,1.024371096665957,0.20479730311761046,12.546670024054954,0.20173066946723878,-0.2340887818148687,889,1.686393269350446,0.8748702160344288,6.75163238062598,3.033300564546179,,,,
3,3,2.9,0.028999999999999998,ok,,1.0245112891526673,0.2050319718232574,12.58362575050453,0.20193389830604447,-0.2340887818148688,889,1.6860684048206516,0.8758726934014666,6.74791478692405,3.038449332830395,,,,
3,3,3.0,0.03,ok,,1.0245060063340339,0.20520450696873982,12.610856346553357,0.20211018883576282,-0.23408878181486847,889,1.6854296234552122,0.8766097434392559,6.746603970384002,3.041597044521053,,,,
3,4,0.1,0.001,ok,,1.846018273315752,0.061932870480643665,1.3176519422880646,0.03283816662784048,-0.027125409444173076,204,3.134902161166065,2.283205000393007,0.812320492540932,7.624191565932079,,,,
3,4,0.2,0.002,ok,,1.4292250635104307,0.09401439941230239,2.514454904429429,0.06430887661422847,-0.06099445218994359,421,2.3961060622300083,1.5413598456385993,1.9610166897569288,4.794166204875881,,,,
3,4,0.3,0.003,ok,,1.317802673065736,0.12632719565958617,4.280668830026202,0.09359086081705541,-0.10175960531450368,623,2.2132864997757555,1.2414277283127484,3.129692028458273,4.036409797222655,,,,
3,4,0.4,0.004,ok,,1.2639362160158658,0.15357419437968045,6.377323267669668,0.11858980141450835,-0.1245119269528262,750,2.1279246867853536,1.2334095065275559,4.030036885939543,3.8107391750057618,,,,
3,4,0.5,0.005,ok,,1.2439152957645743,0.17749376044502507,8.830505652294415,0.1391213043055215,-0.1314304792060813,798,2.1043844643907814,1.350476400277877,4.6652488066780515,3.8045936626349346,,,,
3,4,0.6,0.006,ok,,1.217049423447691,0.1920323392000971,10.671437196321417,0.1540683692129949,-0.15179539573785417,750,2.063164031058606,1.2650735436780365,4.959868963220405,3.8717220278217184,,,,
3,4,0.7,0.006999999999999999,ok,,1.187426332651508,0.20048629384240924,11.884161366209156,0.1653728028649407,-0.1756855539219957,750,2.011668044150793,1.1411655048850804,5.362285862524148,3.7388214463455673,,,,
3,4,0.8,0.008,ok,,1.1725554287723075,0.20562004152181146,12.676646830372317,0.17207255272139904,-0.18757951571105214,750,1.9811260371061736,1.0961753512497014,5.541052109024624,3.7108483637416323,,,,
3,4,0.9,0.009000000000000001,ok,,1.1617358404400637,0.2097584492984652,13.348179080243053,0.17743083026042716,-0.1974841303559367,750,1.9597431516589467,1.0621534445345346,5.67012508731787,3.69936193766912,,,,
3,4,1.0,0.01,ok,,1.1480069247845581,0.2119596174317151,13.717708072707682,0.18182522913191893,-0.20674999042487474,750,1.9309306661965073,1.0251977134128736,5.796306466279182,3.656804875049648,,,,
3,4,1.1,0.011000000000000001,ok,,1.1359439537427103,0.21297195020694093,13.890606549326005,0.18500858476829235,-0.20881608510056326,750,1.9039347478578708,1.019902035345487,5.829916826309831,3.6530872832665437,,,,
3,4,1.2,0.012,ok,,1.1241969311584434,0.21357657967294563,13.994770127895084,0.18786348135006847,-0.21111642907499872,750,1.876949537150814,1.0116530513931388,5.848004124938657,3.6521277193043353,,,,
3,4,1.3,0.013000000000000001,ok,,1.1202141607907465,0.21499756149320892,14.242241493550534,0.18992313893617327,-0.21295585217099833,750,1.869695258550348,1.0095874769413293,5.8009850436868104,3.706225061331436,,,,
3,4,1.4,0.013999999999999999,ok,,1.1160550147436517,0.21595278029751208,14.410723487780892,0.19162685201086585,-0.213727432950786,750,1.861412158281157,1.0104120810136643,5.8030233764198895,3.7213839457379843,,,,
3,4,1.5,0.015,ok,,1.1137910153849162,0.21701463081690142,14.600041872198704,0.19304737908544498,-0.213727432950786,750,1.855506246392379,1.0153803272735342,5.818172380981114,3.729945017206699,,,,
3,4,1.6,0.016,ok,,1.109861162424852,0.21705308999593487,14.606939149432646,0.19391331281235263,-0.2137274329507859,750,1.8456623026639762,1.0155602722553392,5.831474334760677,3.7220962922208023,,,,
3,4,1.7,0.017,ok,,1.1064835679525424,0.21692455579402892,14.58389887406151,0.19451879524146973,-0.2137274329507861,750,1.8370607156682721,1.0149588791625967,5.844962500874623,3.711307912780774,,,,
3,4,1.8,0.018000000000000002,ok,,1.1030113246538296,0.21680477599007175,14.562456292755751,0.19515788353769423,-0.213727432950786,750,1.8281205713143271,1.0143984466420572,5.859248682234095,3.700214613649159,,,,
3,4,1.9,0.019,ok,,1.1015393706301218,0.2169311936722047,14.585087966750157,0.19559063365693388,-0.213727432950786,750,1.824603921324183,1.0149899368423914,5.870856570702718,3.6950518388535407,,,,
3,4,2.0,0.02,ok,,1.100239181373642,0.21705393448379118,14.607090631826706,0.1959841396664101,-0.213727432950786,750,1.8215324652907026,1.0155642234928781,5.882834730881508,3.689614691100916,,,,
3,4,2.1,0.021,ok,,1.09904159407659,0.21719422761860496,14.632275069769292,0.19637271406877005,-0.213727432950786,750,1.818526421569118,1.0162206349458998,5.895540029265945,3.684042963671436,,,,
3,4,2.2,0.022000000000000002,ok,,1.098015543463657,0.2173422582911333,14.658889405209734,0.19673214944420572,-0.213727432950786,750,1.8157715112329058,1.0169132492279531,5.909374729153436,3.6779231010498004,,,,
3,4,2.3,0.023,ok,,1.0966609847362492,0.217369962597036,14.663875015170056,0.19705475650389906,-0.2137274329507861,750,1.8122717274993616,1.0170428737011437,5.926208725497552,3.6679430756767024,,,,
3,4,2.4,0.024,ok,,1.095503272808222,0.21744252356855376,14.67693992477335,0.1973763563196651,-0.213727432950786,750,1.8090176548127455,1.0173823760781482,5.942726937594373,3.6589687840608556,,,,
3,4,2.5,0.025,ok,,1.0943561146406937,0.2175285871791499,14.692449159011113,0.1977090535200525,-0.21372743295078578,750,1.8057247509666177,1.0177850553664742,5.959641392677477,3.6500281283102716,,,,
3,4,2.6,0.026000000000000002,ok,,1.0941776221645596,0.21779758088525392,14.741015509810902,0.1979958509082102,-0.21372743295078622,750,1.8045903460961288,1.0190436383307186,5.970032260182638,3.6481809711123896,,,,
3,4,2.7,0.027000000000000003,ok,,1.0945164366928644,0.2181415203998136,14.803316507459048,0.198236767039178,-0.21372743295078622,750,1.8046368898072709,1.0206528819819016,5.9744587217164105,3.6512348743308984,,,,
3,4,2.8,0.027999999999999997,ok,,1.095254461813787,0.218559859718775,14.879402826815722,0.1984571353478192,-0.2137274329507861,750,1.805503623003046,1.0226102316453762,5.974677316425522,3.6581031601139773,,,,
3,4,2.9,0.028999999999999998,ok,,1.0964371441421643,0.2190249048319246,14.964382999127965,0.19862116617470815,-0.2137274329507861,750,1.8073237685973609,1.0247861110200034,5.968020975456516,3.66997545304657,,,,
3,4,3.0,0.03,ok,,1.0975626078856253,0.21945789339128186,15.043884730746818,0.19876806004613726,-0.213727432950786,750,1.8090223081046786,1.0268120023778855,5.963396539567608,3.680082180266923,,,,
3,5,0.1,0.001,ok,,1.9748811286367325,0.0669432341413847,1.4753885448179282,0.03308285533804831,-0.032231900586740636,227,3.4286134548307303,2.0769248143227212,0.8280530347592719,8.084413839609459,,,,
3,5,0.2,0.002,ok,,1.5613328508053732,0.10459359950532643,3.0208789426647487,0.0650625456385678,-0.07933870522214503,317,2.6781190160952315,1.318317449376931,1.9994290929634497,5.231173232070123,,,,
3,5,0.3,0.003,ok,,1.435174759307193,0.13923743746731776,5.193348185466797,0.09389878332892289,-0.09960755861791115,318,2.4550708386794393,1.3978601563905861,2.9317316430341256,4.749324099910362,,,,
3,5,0.4,0.004,ok,,1.3538813505063203,0.16612051137474726,7.582494167222986,0.11871688712880508,-0.10359082296336541,324,2.2961559284886257,1.6036218906523725,3.6855944370495735,4.507292221434207,,,,
3,5,0.5,0.005,ok,,1.3263652553609526,0.19027624114232533,10.433208904664726,0.13856482173559395,-0.11214120738608735,324,2.254032203502184,1.6967557740593018,4.193749409505668,4.537139026739174,,,,
3,5,0.6,0.006,ok,,1.2840093914897521,0.20252443530661246,12.19353705384159,0.15271270545130416,-0.13375574822794112,325,2.17984276521629,1.5141363118202482,4.650421869110912,4.354969097574194,,,,
3,5,0.7,0.006999999999999999,ok,,1.2348475609431813,0.206901580868585,12.881413850880362,0.16305668156733766,-0.16481054004984774,387,2.08313761080354,1.2553904671752585,5.19816512561892,3.9802810389550727,,,,
3,5,0.8,0.008,ok,,1.1908382392757646,0.20812854947824388,13.080125478914013,0.17105879667234006,-0.18564780432012962,391,1.9954763015607622,1.1210935148974273,5.751274845014883,3.6188246099670667,,,,
3,5,0.9,0.009000000000000001,ok,,1.1748834549739176,0.2115758479595118,13.652651948006879,0.17663005033434767,-0.19156586212535343,392,1.9667447588315459,1.1044548627409647,5.972837383261008,3.5423004910941858,,,,
3,5,1.0,0.01,ok,,1.1588818212651022,0.21337835084095103,13.960545604838329,0.18103061012292979,-0.19649484518513538,392,1.9360256809688121,1.0859234024175453,6.164998527424495,3.461125738988497,,,,
3,5,1.1,0.011000000000000001,ok,,1.1483787913751238,0.21481795933593095,14.210754825647093,0.18422795543595397,-0.19777671167740107,392,1.9149040797886574,1.0861640762150313,6.258188965598966,3.432589851741093,,,,
3,5,1.2,0.012,ok,,1.1395572358870063,0.21600722016073526,14.420377507867464,0.18695780680259683,-0.19912825352107355,392,1.8976029280836408,1.084764298090303,6.304501061133751,3.4262381442424608,,,,
3,5,1.3,0.013000000000000001,ok,,1.1299909134459953,0.21622494792993652,14.459044136489254,0.1890471169720752,-0.20014098688456228,392,1.8790291858635462,1.0803631544729575,6.294062441679253,3.4353797715462098,,,,
3,5,1.4,0.013999999999999999,ok,,1.1197849038165613,0.21608738165705277,14.434603061543086,0.19100163476502813,-0.20298707490981782,392,1.8588163994631097,1.0645376399115811,6.290557451889137,3.4351070363749536,,,,
3,5,1.5,0.015,ok,,1.1140017992808449,0.21621121606104943,14.456602814205654,0.19231241789340026,-0.20421092883945746,392,1.8460653223232144,1.0587641772641174,6.304545604847806,3.4294496322589274,,,,
3,5,1.6,0.016,ok,,1.1094802785711277,0.21598680075969878,14.416755802867382,0.19306248830989345,-0.20421092883945746,392,1.8356197479996814,1.057665238521583,6.316521995007889,3.419394421968272,,,,
3,5,1.7,0.017,ok,,1.105727224270933,0.21582843421420206,14.388693786022667,0.19371617902728527,-0.20421092883945746,392,1.8270556669071492,1.0568897337707024,6.328435831303356,3.410454652105585,,,,
3,5,1.8,0.018000000000000002,ok,,1.1019514935484476,0.21569731843438578,14.365496408888104,0.1944056118301114,-0.20421092883945757,392,1.8182984069806516,1.0562476732279023,6.341297547745086,3.401469759309528,,,,
3,5,1.9,0.019,ok,,1.100826303575337,0.2159910222526451,14.41750448690239,0.19491299198594453,-0.20421092883945724,392,1.81640955877519,1.05768591074011,6.350718377071423,3.4010486598249607,,,,
3,5,2.0,0.02,ok,,1.099669064104862,0.2162950077427861,14.471505304541726,0.19543790876196868,-0.20421092883945757,392,1.8145181967244541,1.0591744965463066,6.36152460110499,3.4000498513393453,,,,
3,5,2.1,0.021,ok,,1.0983748721261763,0.21656445466608298,14.519517365575377,0.19596262956561972,-0.20421092883945757,392,1.8122790680609389,1.060493950528658,6.373540450913148,3.397867422886685,,,,
3,5,2.2,0.022000000000000002,ok,,1.0980060694620164,0.2169701650812248,14.592070905687047,0.196412043887568,-0.20421092883945757,392,1.8114999965737668,1.0624806728723026,6.384445702353586,3.398418205690748,,,,
3,5,2.3,0.023,ok,,1.0974428283612905,0.21715534178618867,14.625290781022118,0.19670468218401643,-0.20421092883945735,392,1.8096844589894432,1.0633874642277725,6.399025633194681,3.3935688686681345,,,,
3,5,2.4,0.024,ok,,1.0970025085781394,0.21736976912643446,14.663840193488337,0.1969976433632606,-0.20421092883945735,392,1.8080123854887227,1.0644374929479024,6.4136147180282395,3.38919281377197,,,,
3,5,2.5,0.025,ok,,1.096580901231552,0.21759343941184506,14.7041453730764,0.19729537557155352,-0.20421092883945746,392,1.8063095174799646,1.0655327834236943,6.428706981821408,3.38471546497824,,,,
3,5,2.6,0.026000000000000002,ok,,1.0965866171107974,0.2178778702959523,14.75553864714652,0.19755490210057405,-0.20421092883945746,392,1.805523002963932,1.0669256123272386,6.44104447844827,3.38264812523763,,,,
3,5,2.7,0.027000000000000003,ok,,1.096662630065398,0.21817907387622437,14.810132767770952,0.19781430932331617,-0.20421092883945746,392,1.8048793087639705,1.0684005754057762,6.452717791990959,3.3811965889322764,,,,
3,5,2.8,0.027999999999999997,ok,,1.0974877105547212,0.21855604593119415,14.878707652766174,0.19797733696497843,-0.20421092883945746,392,1.8060196459786337,1.070246568943498,6.456170123058134,3.385227491924723,,,,
3,5,2.9,0.028999999999999998,ok,,1.0990189906886156,0.2190436552155859,14.967818196384393,0.19808515972311005,-0.20421092883945746,392,1.8086842599276662,1.0726343416604767,6.4542980249275725,3.3937641920097716,,,,
3,5,3.0,0.03,ok,,1.100245570472524,0.21945010250907893,15.04245099232449,0.1981856074385905,-0.20421092883945735,392,1.8107915425725012,1.074624672421925,6.455722533082479,3.39931125268322,,,,
