mom_lookback,tsmom_entry_threshold_pct,tsmom_entry_threshold,tsmom_exit_threshold_pct,tsmom_exit_threshold,objective_eligible,objective_ineligible_reason,composite_score,status,elapsed_ms,attempts,sharpe_ratio,annualized_return,cumulative_return,annualized_volatility,avg_annual_trade_count,sqn_recent_100,sqn_applicable,sqn_reason,sqn_trade_count_used,sqn_trade_count_total,sqn_min_trades,sqn_recent_100_insufficient_100,sqn_recent_100_note,max_drawdown,max_drawdown_recovery_days,sortino_ratio,calmar_ratio,ulcer_index,ulcer_performance_index,error
5,0.0,0.0,-20.0,-0.2,True,,0.5875088788586651,ok,228419,1,1.5048152333139793,0.02700405608705503,0.45460462368317356,0.017808705685411895,3.8386459802538786,2.3140518199107425,True,,54.0,54.0,30.0,True,trades_lt_100,-0.046621053038620075,507.0,2.0887629688380165,0.5792244989551252,0.8471067033084095,3.1877986541234526,
5,0.0,0.0,-15.0,-0.15,True,,0.6625777660465525,ok,249009,1,1.4002320140582638,0.03495371311788542,0.6212139740818268,0.024750120107778707,6.326657263751763,3.239620468137842,True,,89.0,89.0,30.0,True,trades_lt_100,-0.04806900373873313,279.0,2.141211895628794,0.727157011779721,0.8445894341470644,4.138544919542421,
5,0.0,0.0,-10.0,-0.1,True,,0.5088243903694306,ok,243175,1,1.0150461238549806,0.05438884521622822,1.1060642023845606,0.0535790604624089,18.55345557122708,3.277041891181786,True,,100.0,261.0,30.0,False,,-0.08446048111559745,689.0,1.6163902551760743,0.6439561378035312,2.4045654574100346,2.2618991322785873,
5,0.0,0.0,-5.0,-0.05,True,,0.10834926419340797,ok,249713,1,0.6440927757164565,0.05953152275707296,1.2552198368558787,0.09709401851846336,83.81043723554302,1.4654689597915485,True,,100.0,1179.0,30.0,False,,-0.24315606708935722,1395.0,1.0100867920665488,0.24482844894507927,7.519336455521149,0.7917124484217134,
5,0.0,0.0,0.0,0.0,True,,0.019062931816507676,ok,248754,1,0.4861374677399484,0.04274933426146088,0.8016614170460568,0.09545505205791598,320.8823695345557,0.35660871663155824,True,,100.0,4514.0,30.0,False,,-0.201467287846135,1349.0,0.7863506991202057,0.21218995261458767,7.5510297378381015,0.5661391326171659,
5,5.0,0.05,-20.0,-0.2,True,,0.796802852441645,ok,224500,1,1.9438379351572703,0.03418777028053488,0.6044216523114025,0.01736763833579736,3.8386459802538786,2.5051286967791437,True,,54.0,54.0,30.0,True,trades_lt_100,-0.02853157586805577,320.0,3.045199280705303,1.1982433230690157,0.5766787019465734,5.928391349487052,
5,5.0,0.05,-15.0,-0.15,True,,0.8004035006777143,ok,229245,1,1.7351102824649518,0.042675788655037294,0.7998751635187071,0.0242496458852402,6.042313117066291,3.5031548564053456,True,,85.0,85.0,30.0,True,trades_lt_100,-0.03562320653271678,437.0,2.8045144963006483,1.197977184222407,0.8056876194075194,5.296815741865302,
5,5.0,0.05,-10.0,-0.1,True,,0.6234807702631853,ok,231200,1,1.2570961601523039,0.06113848352659512,1.3038024319742045,0.04811818897396439,16.63413258110014,4.031431027706327,True,,100.0,234.0,30.0,False,,-0.075637885063919,790.0,2.008072262508275,0.8083050375473756,2.110340252615919,2.89709128425189,
5,5.0,0.05,-5.0,-0.05,True,,0.4927033939816353,ok,230601,1,1.0974771968632258,0.09641062393783462,2.6489110315374385,0.08731143902724338,56.51339915373766,2.860801615334041,True,,100.0,795.0,30.0,False,,-0.12294195603263192,847.0,1.8947268663514176,0.7841962748034104,3.4450817104740223,2.7985003561662722,
5,5.0,0.05,0.0,0.0,True,,0.29898605238497433,ok,250607,1,0.8412382199219859,0.07049497732260668,1.606533223367001,0.08524827662705813,90.63469675599436,1.7936430447745455,True,,100.0,1275.0,30.0,False,,-0.13688174889511484,1387.0,1.4557443013983806,0.5150064043718728,4.754635936408458,1.4826577316423717,
5,10.0,0.1,-20.0,-0.2,True,,0.8032618257465653,ok,231852,1,1.7432818130335872,0.031932153282320686,0.5559038774691472,0.018121085127290392,3.6964739069111423,3.5707508039998985,True,,52.0,52.0,30.0,True,trades_lt_100,-0.028250327750868998,387.0,2.6982475895422455,1.1303285952616402,0.5911143698853492,5.402026225231871,
5,10.0,0.1,-15.0,-0.15,True,,0.7900272427538383,ok,249399,1,1.5156674326220572,0.0340323351533931,0.6010337165816781,0.022238348532049538,5.189280677009873,4.0759794831637866,True,,73.0,73.0,30.0,True,trades_lt_100,-0.031016416604688568,461.0,2.360453320589393,1.0972362019488942,0.6376830664670083,5.3368729613512205,
5,10.0,0.1,-10.0,-0.1,True,,0.6926833917693753,ok,218452,1,1.2242600187896326,0.04359753763414753,0.8223816816833005,0.035360520448619384,11.72919605077574,4.608735105213166,True,,100.0,165.0,30.0,False,,-0.045180427908529275,714.0,1.8869969955518806,0.9649651331858474,1.3560447826469482,3.2150514637906564,
5,10.0,0.1,-5.0,-0.05,True,,0.6298951989909269,ok,224341,1,1.0059244973086194,0.05637765078392709,1.1626248717983922,0.05605053583224685,19.69083215796897,4.823830566870461,True,,100.0,277.0,30.0,False,,-0.07929092837315943,444.0,1.797121603845298,0.7110227101718656,1.98758642775702,2.8364880136331454,
5,10.0,0.1,0.0,0.0,True,,0.5626975001587373,ok,211008,1,1.039676850874058,0.05316005730393503,1.0718081021688413,0.05103985934072277,20.970380818053595,3.5095091604442046,True,,100.0,295.0,30.0,False,,-0.07805463037542537,737.0,1.8920012709533525,0.6810621874480348,1.984834541257734,2.6783117785852815,
5,15.0,0.15,-20.0,-0.2,True,,0.547055883533036,ok,205218,1,1.2867978809006586,0.023148089033654395,0.37965335027314584,0.017904460973129796,3.0566995768688296,2.5134903397580968,True,,43.0,43.0,30.0,True,trades_lt_100,-0.03705379417923049,476.0,1.696399632507928,0.6247157557384349,0.9573679847474307,2.4178883566658267,
5,15.0,0.15,-15.0,-0.15,True,,0.42551523160731525,ok,220966,1,0.8046106731315841,0.021406285709815842,0.3469869858321215,0.026763187637018328,3.980818053596615,3.5124952539746572,True,,56.0,56.0,30.0,True,trades_lt_100,-0.08823097106860367,647.0,1.0788660085612338,0.24261645826352135,2.1872053013533335,0.9787049115403434,
5,15.0,0.15,-10.0,-0.1,True,,0.5039886232579902,ok,225985,1,0.8062391460099393,0.02608815292289579,0.43646670650162367,0.03259190392905458,6.255571227080395,4.2623904554104985,True,,88.0,88.0,30.0,True,trades_lt_100,-0.0676958583716274,472.0,1.170547671661801,0.3853729541278677,1.8231695074121619,1.4309230610117962,
5,15.0,0.15,-5.0,-0.05,True,,0.530496391373797,ok,216831,1,0.8964012817163468,0.028897207747068165,0.49277159923491176,0.03235005609181536,7.677291960507757,4.090024567945759,True,,100.0,108.0,30.0,False,,-0.06293150779194967,470.0,1.4166101534596205,0.4591850530993436,1.692437251183241,1.7074315592418647,
5,15.0,0.15,0.0,0.0,True,,0.5166714211270192,ok,209409,1,0.950019756418241,0.029516053887328475,0.5054482400948741,0.03111575370257397,7.321861777150916,3.539969276229659,True,,100.0,103.0,30.0,False,,-0.062425007327660875,477.0,1.5243899030285133,0.47282419579708634,1.6287299189179516,1.8122129116985517,
5,20.0,0.2,-20.0,-0.2,False,sqn_trade_count_lt_min:29<30 (sqn_reason=trades_lt_30),,ok,210570,1,1.1442661998716281,0.02388691842389301,0.39373061752013294,0.020819541679646704,2.0614950634696756,,False,trades_lt_30,29.0,29.0,30.0,True,trades_lt_100,-0.06475406957879515,647.0,1.2829664163990568,0.36888675228089757,1.8292281048092272,1.3058468958076834,
5,20.0,0.2,-15.0,-0.15,True,,0.4012542306468666,ok,210235,1,0.9382622474480125,0.021575640132327045,0.35013129315270075,0.023036512798616997,2.4880112834978845,2.636450534765755,True,,35.0,35.0,30.0,True,trades_lt_100,-0.06802664004229031,647.0,1.0307209015933205,0.31716457139311977,2.0416523640296984,1.0567734503900685,
5,20.0,0.2,-10.0,-0.1,True,,0.45839197240730634,ok,208763,1,1.0239226234929066,0.024196034164901237,0.3996598400082001,0.02362247076576567,3.1277856135401976,3.139032943545162,True,,44.0,44.0,30.0,True,trades_lt_100,-0.06417713210634957,647.0,1.1904834768273929,0.3770195608741969,1.8611571241149256,1.3000532760718777,
5,20.0,0.2,-5.0,-0.05,True,,0.5049762820202958,ok,210580,1,1.079848122428636,0.025388771330785653,0.4227583382646991,0.023473142044838798,3.41212976022567,3.77154520393217,True,,48.0,48.0,30.0,True,trades_lt_100,-0.06301439899225691,647.0,1.2611526187177553,0.40290428436690123,1.8159522574711433,1.3980968511882312,
5,20.0,0.2,0.0,0.0,True,,0.49226261707405483,ok,223047,1,1.111725933571043,0.02591811336926164,0.43312257003928645,0.02325972825654203,3.1988716502115655,3.4165108454129496,True,,45.0,45.0,30.0,True,trades_lt_100,-0.06301439899225747,647.0,1.2947280376668042,0.4113046190037642,1.8078706091260377,1.4336265680977576,
15,0.0,0.0,-20.0,-0.2,True,,0.5973473421150461,ok,215903,1,1.172711916837422,0.03417370695164457,0.6041148477245619,0.029007236712112697,6.255571227080395,3.5103415575898715,True,,88.0,88.0,30.0,True,trades_lt_100,-0.06767056773193114,290.0,1.6884730930196512,0.5050010380734445,1.0035656725840587,3.405228764317083,
15,0.0,0.0,-15.0,-0.15,True,,0.6375015086719936,ok,191963,1,1.2376458450184908,0.05490651651801293,1.1206527249559355,0.04396089996982554,11.3737658674189,3.288133216225095,True,,100.0,160.0,30.0,False,,-0.056129137803588525,577.0,2.001399181636199,0.9782177077108526,1.4732613438213638,3.7268687424863614,
15,0.0,0.0,-10.0,-0.1,True,,0.5027162718859229,ok,224499,1,1.0331103909755284,0.06809693812940498,1.52560792587093,0.06585088589912405,28.86093088857546,3.53206524647316,True,,100.0,406.0,30.0,False,,-0.11803030223043309,672.0,1.6976039036928887,0.5769445374837545,2.9516355026199803,2.307091714710696,
15,0.0,0.0,-5.0,-0.05,True,,0.3168135046420405,ok,222546,1,0.7900034695647272,0.06938177622187669,1.568671717584448,0.09001445404663637,71.1571227080395,2.9615445500478237,True,,100.0,1001.0,30.0,False,,-0.19565696087994267,1067.0,1.2908930667488367,0.35460929123012463,5.152603868718615,1.3465381385728576,
15,0.0,0.0,0.0,0.0,True,,0.36896840041151585,ok,243284,1,1.0345792834108465,0.09399007363501855,2.537238799235552,0.09079984308095587,172.02820874471087,1.5554316689052574,True,,100.0,2420.0,30.0,False,,-0.1269473088770834,581.0,1.7135525249835586,0.7403864994572225,4.198332956391507,2.2387474888557577,
15,5.0,0.05,-20.0,-0.2,True,,0.6093913970825127,ok,221675,1,1.2741372113229883,0.035362712617806435,0.6302474880570039,0.02756705711348115,6.184485190409027,2.7986733078855046,True,,87.0,87.0,30.0,True,trades_lt_100,-0.05308343438979557,531.0,1.9775969313518247,0.6661722818861988,0.9083516814466127,3.893064034569615,
15,5.0,0.05,-15.0,-0.15,True,,0.7058217768694821,ok,229535,1,1.2971484014742136,0.05555670265663526,1.1391086432156556,0.04236599557752761,11.089421720733426,3.4698815533548766,True,,100.0,156.0,30.0,False,,-0.041825696675920176,536.0,2.1204300188439094,1.3282911480735784,1.2982814143928012,4.279249632686055,
15,5.0,0.05,-10.0,-0.1,True,,0.525012449801691,ok,227142,1,1.0529958962151746,0.06666089593320157,1.478270394342422,0.06316206176570496,26.017489421720736,3.724025158134049,True,,100.0,366.0,30.0,False,,-0.10984499321162833,847.0,1.7670826774957364,0.6068633078684988,2.840798829388985,2.346554611455517,
15,5.0,0.05,-5.0,-0.05,True,,0.5572876180333715,ok,231026,1,1.0316947378800658,0.08176325653653072,2.020078901708047,0.0791945300795382,52.319322990126935,4.4363786489468335,True,,100.0,736.0,30.0,False,,-0.1076842675479186,684.0,1.745926706004302,0.7592869264783433,3.3395586735709974,2.4483251988832726,
15,5.0,0.05,0.0,0.0,True,,0.5190185759629047,ok,237418,1,1.1048370793530682,0.10007744428676912,2.8243329007788045,0.08997363662195611,79.47418899858955,3.845879799966001,True,,100.0,1118.0,30.0,False,,-0.1286008807914295,743.0,1.853691900691174,0.7782018573347026,3.9449547066708566,2.5368464717108092,
15,10.0,0.1,-20.0,-0.2,True,,0.6837347207464087,ok,230424,1,1.4866690326503982,0.03553298695235929,0.6340220795907006,0.023669526577787484,5.757968970380818,2.429208927479114,True,,81.0,81.0,30.0,True,trades_lt_100,-0.031001688845128328,504.0,2.3639449268830597,1.1461629438921042,0.7925222763831058,4.483531632009624,
15,10.0,0.1,-15.0,-0.15,True,,0.6640716216095589,ok,196997,1,1.2676520666213977,0.04560633476562259,0.8723395350460714,0.03567543615211897,10.165303244005642,3.779728754222792,True,,100.0,143.0,30.0,False,,-0.052388358635297005,610.0,2.0263195008714234,0.870543303009593,1.243802270909384,3.6666868868375944,
15,10.0,0.1,-10.0,-0.1,True,,0.5686659982582789,ok,214113,1,0.9619981957448788,0.05424975952978661,1.1021605399182164,0.05655995986479308,20.82820874471086,3.92961508358462,True,,100.0,293.0,30.0,False,,-0.07702911231704346,403.0,1.6411098109104045,0.7042760574274892,2.0033135875713772,2.7080013766368825,
15,10.0,0.1,-5.0,-0.05,True,,0.4935681235080899,ok,218145,1,0.8077363762713993,0.05543313764989888,1.1355897352746025,0.06976891802134275,30.63808180535966,3.8492101442832856,True,,100.0,431.0,30.0,False,,-0.08858926179292148,638.0,1.3670004105361873,0.6257320190733109,2.716112785718539,2.0408996983250907,
15,10.0,0.1,0.0,0.0,True,,0.46223569418174304,ok,202825,1,0.7567706175353306,0.05127666505741435,1.020306229349408,0.06920277177957948,36.11170662905501,3.612175190060115,True,,100.0,508.0,30.0,False,,-0.09204583937681221,631.0,1.2604150412240374,0.5570774888314153,2.731363899899618,1.8773282117149916,
15,15.0,0.15,-20.0,-0.2,True,,0.5993327971427703,ok,204686,1,1.221345821634308,0.02555242658595991,0.42595516067619954,0.020831738814748757,4.904936530324401,3.5976713160053926,True,,69.0,69.0,30.0,True,trades_lt_100,-0.035840957461105605,625.0,1.7130664617078528,0.7129392849978757,1.111475584706906,2.2989642721390084,
15,15.0,0.15,-15.0,-0.15,True,,0.4531979305113355,ok,205394,1,0.8783082396383752,0.024489879267190817,0.4053178677908784,0.027986366415346228,7.392947813822285,3.4911001155509815,True,,100.0,104.0,30.0,False,,-0.062258710987778354,1480.0,1.2677990622467856,0.3933566705548768,2.2344284346823176,1.0960243294018361,
15,15.0,0.15,-10.0,-0.1,True,,0.5015058895081561,ok,202647,1,0.93400500866653,0.03899856689990577,0.7126325614939955,0.041890016370510416,12.582228490832158,3.9253677595703045,True,,100.0,177.0,30.0,False,,-0.08052312638339021,1405.0,1.4375647211915832,0.48431511109273256,2.3903908336031927,1.6314724082639105,
15,15.0,0.15,-5.0,-0.05,True,,0.5420647651974759,ok,200965,1,0.8420084340417232,0.04031757558377613,0.7434640658269238,0.04831819802375452,15.781100141043723,4.949891247584393,True,,100.0,222.0,30.0,False,,-0.08043754558007354,1381.0,1.2661746899679482,0.501228316864057,2.395289358068811,1.6832027182002745,
15,15.0,0.15,0.0,0.0,True,,0.5543803408902506,ok,206803,1,0.7861371179301795,0.03685669956541937,0.6636438142718177,0.04746159101361744,16.847390691114246,5.3241412085008815,True,,100.0,237.0,30.0,False,,-0.07131585614184877,936.0,1.1710215429329491,0.5168093262753602,2.3312652652863535,1.580974079365104,
15,20.0,0.2,-20.0,-0.2,True,,0.4669482086852927,ok,200932,1,1.185506844414252,0.02750766432917251,0.4646681536531243,0.023111532523133645,4.122990126939351,2.0537311175796447,True,,58.0,58.0,30.0,True,trades_lt_100,-0.05725233897758364,647.0,1.5589262607430938,0.4804635901415793,1.4626277998194788,1.8807015928842303,
15,20.0,0.2,-15.0,-0.15,True,,0.3981603837309592,ok,220547,1,0.9215506964224938,0.026478882171044216,0.44417859066561194,0.028806322248279212,5.757968970380818,2.430532782491244,True,,81.0,81.0,30.0,True,trades_lt_100,-0.08031836470713383,851.0,1.211546502478957,0.32967406977961516,2.1587994592228235,1.2265559016110148,
15,20.0,0.2,-10.0,-0.1,True,,0.49925146337802917,ok,218584,1,0.9561951368713341,0.03142695898045034,0.5452257522743087,0.03292442127468146,8.032722143864598,3.65076670885154,True,,100.0,113.0,30.0,False,,-0.07080697692569415,410.0,1.2969392653338838,0.4438398635974847,1.8507981639436974,1.698021944947551,
15,20.0,0.2,-5.0,-0.05,True,,0.5011952480202548,ok,174941,1,0.8982851578941159,0.03155659426722779,0.5479592985453627,0.03527773599911819,9.027926657263752,3.632424573199704,True,,100.0,127.0,30.0,False,,-0.07080697692569393,410.0,1.1965050841218876,0.4456706900556399,1.641597738114069,1.9223098043179094,
15,20.0,0.2,0.0,0.0,True,,0.3935009336682793,ok,227194,1,0.7651364195698508,0.026434493719655894,0.4433005565612318,0.034895062614431836,9.454442877291962,3.5133894505409446,True,,100.0,133.0,30.0,False,,-0.07686618494018282,2044.0,1.0011459289963058,0.34390276739020137,3.0782197139051686,0.8587591587515337,
25,0.0,0.0,-20.0,-0.2,True,,0.6317102403884418,ok,231305,1,1.2320897775870883,0.038792338133606385,0.7078580526990286,0.031279938091699225,7.250775740479548,3.330427025182377,True,,100.0,102.0,30.0,False,,-0.040589694414108535,622.0,1.9343523208514928,0.9557189009070882,1.2254180321828434,3.1656412028232843,
25,0.0,0.0,-15.0,-0.15,True,,0.547618508626875,ok,214887,1,1.1195192603056818,0.05039325331535416,0.9965611137608121,0.04480264785634671,13.008744710860368,2.7939534344565056,True,,100.0,183.0,30.0,False,,-0.06938404165605883,612.0,1.8075984280216981,0.7262945788767505,1.697980500849324,2.9678346300294747,
25,0.0,0.0,-10.0,-0.1,True,,0.5694711814957688,ok,222426,1,0.9267310786816959,0.06400194577927665,1.3927897539652556,0.06950875194540335,27.225952045133994,3.845650929244366,True,,100.0,383.0,30.0,False,,-0.07469138864517832,524.0,1.6508473585368437,0.8568852037725271,2.2510146205114783,2.8432487819530046,
25,0.0,0.0,-5.0,-0.05,True,,0.6007619925042946,ok,228329,1,1.1288288800221162,0.09621020769838862,2.639541936096992,0.08452535264233546,56.8688293370945,3.9173337812847002,True,,100.0,800.0,30.0,False,,-0.10685201943786682,293.0,1.8766458573270834,0.9004060775316812,2.7166409114405434,3.541513613124952,
25,0.0,0.0,0.0,0.0,True,,0.2838244508676839,ok,226982,1,0.9294667929032966,0.07932261563540455,1.9256523828876744,0.08609755378428718,145.51311706629056,0.5760881146205654,True,,100.0,2047.0,30.0,False,,-0.1657671775474996,431.0,1.5307673051396904,0.478518225435039,3.9096403012128085,2.0288980449377374,
25,5.0,0.05,-20.0,-0.2,True,,0.7067149891152047,ok,222755,1,1.3711288442259308,0.0429469732887251,0.8064697759020605,0.031012524770370278,6.753173483779972,3.543692425957356,True,,95.0,95.0,30.0,True,trades_lt_100,-0.042248369407325126,605.0,2.1816471347785633,1.0165356412851012,0.9584714038012837,4.480777738219213,
25,5.0,0.05,-15.0,-0.15,True,,0.6762457078986133,ok,223850,1,1.316442670703765,0.06004908499159489,1.2707621960382753,0.04505955894438365,11.871368124118476,3.5140011306410375,True,,100.0,167.0,30.0,False,,-0.050936096076917514,572.0,2.204133224739338,1.1789102349130967,1.6325993316681688,3.6781275005323883,
25,5.0,0.05,-10.0,-0.1,True,,0.6452762560694754,ok,223498,1,1.0387084350475733,0.06595418818700183,1.4552783892982273,0.0633961554662018,24.24033850493653,5.351807869305053,True,,100.0,341.0,30.0,False,,-0.09027848801643712,815.0,1.8978552545053702,0.730563721614317,2.4807750294840587,2.6586122241289534,
25,5.0,0.05,-5.0,-0.05,True,,0.6340339217882647,ok,235794,1,1.1655720361438926,0.08771618112877144,2.2623961777955133,0.07449769005156176,44.286600846262345,4.386463439938795,True,,100.0,623.0,30.0,False,,-0.08672177055463792,462.0,2.0141415129358444,1.0114666774879442,2.788371471478232,3.14578534553251,
25,5.0,0.05,0.0,0.0,True,,0.5320170003421714,ok,235273,1,1.140134944373995,0.09456144343938222,2.5633089530989124,0.0821850739924861,66.60761636107193,2.8213660164223917,True,,100.0,937.0,30.0,False,,-0.08862194584243122,436.0,1.9828933227990664,1.067020618205691,3.2606064583296583,2.900118264742201,
25,10.0,0.1,-20.0,-0.2,True,,0.5895797026948878,ok,221251,1,1.1792920106878915,0.037692689970532545,0.6826075819477084,0.03179551392369463,6.468829337094499,3.304029360721481,True,,91.0,91.0,30.0,True,trades_lt_100,-0.045659287157622575,1105.0,1.8445090705710596,0.8255207717197125,1.4693957798483794,2.5651829471309555,
25,10.0,0.1,-15.0,-0.15,True,,0.5242219128546399,ok,239003,1,1.1174380568619318,0.051483593673524064,1.0259060272153988,0.04585598467412349,11.089421720733426,4.123400576521995,True,,100.0,156.0,30.0,False,,-0.09576444528925998,1094.0,1.843424019118913,0.5376065565671686,3.122082661419794,1.6490144322479745,
25,10.0,0.1,-10.0,-0.1,True,,0.544011879404111,ok,234744,1,1.0168992455188883,0.059785676359974005,1.2628396621971767,0.058782374199877335,20.330606488011284,5.401514413276303,True,,100.0,286.0,30.0,False,,-0.1179136265768932,819.0,1.7316797885604776,0.5070294086916824,3.9200780428816495,1.525114441752939,
25,10.0,0.1,-5.0,-0.05,True,,0.535254661154446,ok,233478,1,1.1727106887107008,0.07719120979001448,1.845440754138933,0.0652029690102447,29.358533145275036,4.746505971455074,True,,100.0,413.0,30.0,False,,-0.14534045111508498,825.0,2.0050166833756693,0.5311061662309837,4.1556746212479565,1.8574892604761684,
25,10.0,0.1,0.0,0.0,True,,0.38418088067667533,ok,232622,1,1.0490870506361456,0.07037586925852657,1.6024575687666522,0.06694707061567481,36.46713681241185,3.105751098228062,True,,100.0,513.0,30.0,False,,-0.15310784694428758,968.0,1.7515123529147127,0.45964900338605585,4.956030583929975,1.4200047410264516,
25,15.0,0.15,-20.0,-0.2,True,,0.6785197916507641,ok,228286,1,1.3626003136058495,0.03580931418476507,0.6401649019397908,0.026064159523134397,6.042313117066291,3.3088353986895207,True,,85.0,85.0,30.0,True,trades_lt_100,-0.0350555843486271,667.0,2.105389374078867,1.021500991928765,0.93400779088009,3.833941700959789,
25,15.0,0.15,-15.0,-0.15,True,,0.6943332841383163,ok,229877,1,1.2696464339807643,0.04861408671152101,0.9495238769088705,0.03794644792400742,9.383356840620593,4.4037810070274155,True,,100.0,132.0,30.0,False,,-0.04764430843176748,716.0,2.0792338218140705,1.0203545462548245,1.5078833995926484,3.2239950864008455,
25,15.0,0.15,-10.0,-0.1,True,,0.6610590482432461,ok,230599,1,1.1621893610838425,0.05958742319492849,1.2568937505100033,0.050904058583561625,15.354583921015514,5.070081957967025,True,,100.0,216.0,30.0,False,,-0.07749598147824532,688.0,1.927318667072066,0.7689098461402915,2.117644780828962,2.8138535666781057,
25,15.0,0.15,-5.0,-0.05,True,,0.7004852393109084,ok,229603,1,1.1919365266307462,0.06613006458045012,1.4609817524141784,0.05497922891561659,18.482369534555712,5.399233229628509,True,,100.0,260.0,30.0,False,,-0.07650462685677129,825.0,1.9667718831527177,0.8643930085987612,2.0667712705632044,3.199679883416871,
25,15.0,0.15,0.0,0.0,True,,0.60835331852616,ok,226258,1,1.1695221976304127,0.0634600267621801,1.375707489331524,0.053836706608454354,20.117348377997182,4.28977088988994,True,,100.0,283.0,30.0,False,,-0.0832436576091683,973.0,1.9002947143417175,0.7623406825794105,2.3513249166187316,2.698905043435568,
25,20.0,0.2,-20.0,-0.2,True,,0.4812708680848159,ok,225361,1,0.9922714819320835,0.021947179268919648,0.3570533503634048,0.02212078142354432,5.2603667136812415,2.4386248848655727,True,,74.0,74.0,30.0,True,trades_lt_100,-0.03709829494287831,633.0,1.3402703189578447,0.5915953631484298,1.1807507467065508,1.8587478627590595,
25,20.0,0.2,-15.0,-0.15,True,,0.37994907227440455,ok,229808,1,0.680909776280072,0.02188686538926743,0.3559274200826865,0.032581501953536054,7.321861777150916,2.988272895425723,True,,100.0,103.0,30.0,False,,-0.07644842910908012,686.0,0.8394628251141354,0.28629581594198944,2.2226060268782293,0.9847388662042241,
25,20.0,0.2,-10.0,-0.1,True,,0.3955938790851692,ok,206823,1,0.6897112116344236,0.027079701573602843,0.456112125870342,0.03989855719387313,10.59181946403385,3.7827266619957376,True,,100.0,149.0,30.0,False,,-0.07722772765481922,1540.0,0.9021765632449097,0.35064739564317604,3.1371470721747547,0.8631951563185868,
25,20.0,0.2,-5.0,-0.05,True,,0.34399519300658005,ok,209343,1,0.6527928833338296,0.027541020753938383,0.46533698855534067,0.04304748401273946,11.800282087447108,3.5711317871540462,True,,100.0,166.0,30.0,False,,-0.11028440731937772,2019.0,0.8421328822717485,0.24972724089799084,3.7825895584569103,0.7280996346104656,
25,20.0,0.2,0.0,0.0,True,,0.2868958959152472,ok,226458,1,0.6114517761229199,0.025710580458735643,0.4290508581618291,0.04304207835614923,12.51114245416079,2.8972192048135397,True,,100.0,176.0,30.0,False,,-0.12412391024775449,1604.0,0.7874563305218796,0.2071364043190121,4.0726636920347365,0.6312964291409592,
35,0.0,0.0,-20.0,-0.2,True,,0.6974940724546846,ok,228369,1,1.380516094897153,0.052945832342779164,1.0658891958861556,0.037881835442170976,7.819464033850494,3.389330338288868,True,,100.0,110.0,30.0,False,,-0.05558888980670418,540.0,2.3212543308975686,0.9524534943382472,1.1366287967832374,4.658146308858325,
35,0.0,0.0,-15.0,-0.15,True,,0.6588451749545039,ok,230236,1,1.3350795627009056,0.07475771566298062,1.7563602298933723,0.05512191380730271,14.146121297602257,3.7947387901807894,True,,100.0,199.0,30.0,False,,-0.08510920719985371,821.0,2.4459189992863806,0.8783740105513416,2.0869246608964303,3.582195230318891,
35,0.0,0.0,-10.0,-0.1,True,,0.6611083164860357,ok,225926,1,1.200926352620999,0.08744960066205865,2.2511695969295786,0.07193328442822089,27.865726375176305,4.476151366712802,True,,100.0,392.0,30.0,False,,-0.10055003168616639,603.0,2.2276848970313456,0.8697123133188421,2.4269038881493037,3.6033400864813614,
35,0.0,0.0,-5.0,-0.05,True,,0.5807973872918725,ok,228456,1,1.1249969337212726,0.08976613675971379,2.349937379299012,0.07917864146549998,49.760225669957684,3.2454774728358746,True,,100.0,700.0,30.0,False,,-0.09488707264216534,508.0,1.9058800396986058,0.9460312586334765,2.4818814066185397,3.616858425238634,
35,0.0,0.0,0.0,0.0,True,,0.2209085649286535,ok,231561,1,0.834346866267297,0.06642355113211851,1.4705264162352965,0.08098590312529652,125.39576868829337,1.0860723705388877,True,,100.0,1764.0,30.0,False,,-0.17568912443216123,1052.0,1.4098341390910087,0.3780743477822192,5.3511869919803345,1.2412863021169978,
35,5.0,0.05,-20.0,-0.2,True,,0.5102392101670337,ok,227766,1,1.0718086149815071,0.03581115436184246,0.6402058813336884,0.033337384644839506,7.321861777150916,2.863132692827865,True,,100.0,103.0,30.0,False,,-0.05927962191282521,1081.0,1.6797735276636439,0.6041056472071505,1.7496264568711926,2.046788571423556,
35,5.0,0.05,-15.0,-0.15,True,,0.5564174417794218,ok,228912,1,1.0668085837158596,0.05068568310433652,1.0043924410124618,0.04738746790638851,13.150916784203103,3.497186309677774,True,,100.0,185.0,30.0,False,,-0.07480387783688514,492.0,1.7356952510667403,0.677580956629816,1.9441392265125075,2.607101508633154,
35,5.0,0.05,-10.0,-0.1,True,,0.6274825046675006,ok,233012,1,1.0068635643343993,0.06423417047375501,1.400144758072765,0.06382731161424311,23.74273624823695,4.837133150382893,True,,100.0,334.0,30.0,False,,-0.07983123536988279,637.0,1.7841025146475709,0.8046245329430046,2.280672112201956,2.8164579261565943,
35,5.0,0.05,-5.0,-0.05,True,,0.5102974595122814,ok,238113,1,1.0313798560733434,0.07147033996272523,1.6401320651719868,0.06923786941615298,35.82736248236953,3.4791784684243043,True,,100.0,504.0,30.0,False,,-0.09576244862061001,890.0,1.7451353328821666,0.7463294954567752,3.1306187452255783,2.2829461451261897,
35,5.0,0.05,0.0,0.0,True,,0.48198925037027524,ok,234377,1,0.9877282061912815,0.07449878446709568,1.7470358564693775,0.0756272584868195,54.309732016925246,3.790626269855273,True,,100.0,764.0,30.0,False,,-0.11623893334641944,890.0,1.6283128337281898,0.6409107716523149,3.7087113233922206,2.0087512338100884,
35,10.0,0.1,-20.0,-0.2,True,,0.671287132498214,ok,197062,1,1.332981228975976,0.04338364849344334,0.8171359399920721,0.032243176835302714,6.895345557122708,4.123643451052869,True,,97.0,97.0,30.0,True,trades_lt_100,-0.0467235994419406,653.0,2.1467984643407183,0.9285168311433811,1.5268022325949435,2.8414713816411417,
35,10.0,0.1,-15.0,-0.15,True,,0.6358009467662895,ok,237423,1,1.2139771632176344,0.05312984479491489,1.0709723957514772,0.043409010172476524,11.800282087447108,3.624872061144549,True,,100.0,166.0,30.0,False,,-0.06082558152215012,410.0,1.9898480623266737,0.8734786164858488,1.535173900377693,3.460835595357865,
35,10.0,0.1,-10.0,-0.1,True,,0.6577111319475137,ok,230819,1,1.178675355435462,0.0639863009044801,1.392295004113563,0.0538367173753432,19.548660084626235,5.169763992538953,True,,100.0,275.0,30.0,False,,-0.08416452185981493,631.0,2.008424394177923,0.7602526514801113,2.3971276890587165,2.669290467776695,
35,10.0,0.1,-5.0,-0.05,True,,0.6490185730396156,ok,230218,1,1.0918153208825938,0.06277881417405262,1.3543951349488466,0.05725509954592907,26.58617771509168,5.311775670672885,True,,100.0,374.0,30.0,False,,-0.0840537155550578,827.0,1.811510101691644,0.7468892214875443,2.3594280567046853,2.6607640777881216,
35,10.0,0.1,0.0,0.0,True,,0.5943952053292407,ok,232078,1,1.0167908484168626,0.06262896179537791,1.3497307611945297,0.06159571366779546,33.76586741889986,4.521051373295817,True,,100.0,475.0,30.0,False,,-0.08440674102618773,703.0,1.6541469725375288,0.7419900476426033,2.350992999616706,2.663936549602173,
35,15.0,0.15,-20.0,-0.2,True,,0.5747575968178061,ok,228586,1,1.2666536018771963,0.03720130199972349,0.6714366612347158,0.029166646472759357,6.397743300423131,3.7288588454745892,True,,90.0,90.0,30.0,True,trades_lt_100,-0.06121357067059441,1094.0,1.8675082845401294,0.6077296519739559,1.8612743320094762,1.9987006407357522,
35,15.0,0.15,-15.0,-0.15,True,,0.5272774253727011,ok,223901,1,1.0931883716559276,0.041694532705495835,0.7761995704091149,0.038022614467576224,10.094217207334275,3.4027143596818776,True,,100.0,142.0,30.0,False,,-0.07313041528925657,672.0,1.5648430844411176,0.5701394220254221,1.9311848320580591,2.15901305837526,
35,15.0,0.15,-10.0,-0.1,True,,0.47075610137806,ok,231139,1,0.9047680714774842,0.04528517902097029,0.8642680362804664,0.050349779409163964,15.070239774330043,3.8917961270219594,True,,100.0,212.0,30.0,False,,-0.09827624980020533,672.0,1.3137354395895133,0.4607947404691838,2.8801243929662985,1.5723341370797588,
35,15.0,0.15,-5.0,-0.05,True,,0.4912912551150056,ok,229868,1,0.9224719507317661,0.048572099149982284,0.9484263552085983,0.052927465645567315,17.77150916784203,4.012791013695341,True,,100.0,250.0,30.0,False,,-0.09368185945752572,672.0,1.3794956266294998,0.5184792384699016,2.832252604853125,1.714963526443685,
35,15.0,0.15,0.0,0.0,True,,0.48025709233942293,ok,226920,1,0.9477735094786917,0.051668600337024584,1.0309247882552506,0.05472906474171692,19.975176304654443,3.6844368303769177,True,,100.0,281.0,30.0,False,,-0.0847026656285188,714.0,1.414367647396755,0.6099996966285335,2.9960450446527718,1.724560197425628,
35,20.0,0.2,-20.0,-0.2,True,,0.5607161841822438,ok,229500,1,1.2509452582091627,0.03351995768574256,0.5899127008573208,0.026634615145713154,5.829055007052186,3.5323001848675597,True,,82.0,82.0,30.0,True,trades_lt_100,-0.06403844716681573,653.0,1.7804035980484547,0.5234348921426123,1.635716877477392,2.049251808016871,
35,20.0,0.2,-15.0,-0.15,True,,0.48224590132853107,ok,220161,1,1.0108315976906566,0.033937252478287494,0.5989645278884512,0.033571976529516906,8.103808180535966,3.657049870135003,True,,100.0,114.0,30.0,False,,-0.0818965731176502,1189.0,1.3231980769663116,0.4143916062218408,2.292069713792025,1.480637882612276,
35,20.0,0.2,-10.0,-0.1,True,,0.40192883853181866,ok,187488,1,0.9202554658809995,0.03790534072192853,0.6874633237262071,0.041358341370707756,11.231593794076163,3.294173135993526,True,,100.0,158.0,30.0,False,,-0.10761988548080359,1433.0,1.21825090102956,0.3522150256207975,3.3247309798274465,1.1401024910561581,
35,20.0,0.2,-5.0,-0.05,True,,0.3630325799706511,ok,234453,1,0.8514958782302569,0.036217055223992434,0.6492682738308797,0.04286097742996872,12.653314527503525,3.198709399743294,True,,100.0,178.0,30.0,False,,-0.1266752767719056,1604.0,1.1296902140332923,0.28590468595703716,3.743501944355787,0.967464576279924,
35,20.0,0.2,0.0,0.0,True,,0.3359329309210658,ok,228029,1,0.7803142252482365,0.033204514046510925,0.5831018125238219,0.043050378176956214,13.506346967559944,3.1747805969822784,True,,100.0,190.0,30.0,False,,-0.13358249586176996,1604.0,1.035140809750849,0.24856934909249395,4.014307693845342,0.827154183956039,
45,0.0,0.0,-20.0,-0.2,True,,0.6474198879725751,ok,222615,1,1.3464102146446166,0.04334508975078477,0.8161917604215301,0.03188563275999468,8.103808180535966,3.7109584970030474,True,,100.0,114.0,30.0,False,,-0.06379534937145281,672.0,2.2112890572793065,0.6794396484672417,1.3259210998076327,3.269054980501733,
45,0.0,0.0,-15.0,-0.15,True,,0.605254266892,ok,228906,1,1.0746285970176368,0.06108104912361312,1.302049419849622,0.05663731804321512,14.78589562764457,3.7627074436264865,True,,100.0,208.0,30.0,False,,-0.08225154304955429,470.0,1.969973117055378,0.7426128052918529,1.8484502256859745,3.304446518214763,
45,0.0,0.0,-10.0,-0.1,True,,0.7959155784849066,ok,225150,1,1.2168781108111277,0.0853897140328228,2.1656232831186593,0.06928135506681003,25.44880112834979,5.68457962472112,True,,100.0,358.0,30.0,False,,-0.062334649312880575,395.0,2.2170455719649738,1.3698595399842608,2.028691309106136,4.209103358876539,
45,0.0,0.0,-5.0,-0.05,True,,0.6126851633184532,ok,228817,1,1.1664611522845891,0.08837131843855439,2.2901393394812493,0.07498523359484359,43.7179125528914,3.6890412627816467,True,,100.0,615.0,30.0,False,,-0.08278037844446384,626.0,2.040872639054075,1.0675394350587735,2.650816625666519,3.333739406298404,
45,0.0,0.0,0.0,0.0,True,,0.4858972636323883,ok,230123,1,0.9589765358111222,0.07485507713282402,1.7598739138023691,0.07846316839254333,109.54358251057828,3.0912278317940234,True,,100.0,1541.0,30.0,False,,-0.09179133084634894,471.0,1.630539586092627,0.8154917947330473,3.158882573645721,2.369669507734581,
45,5.0,0.05,-20.0,-0.2,True,,0.65436463318529,ok,228684,1,1.360540156314197,0.04323685822708301,0.8135439528049997,0.03146900217639543,7.819464033850494,3.99070941808888,True,,100.0,110.0,30.0,False,,-0.0654914477548566,417.0,2.123098216058624,0.6601909059778989,1.3575685790762886,3.1848747012472884,
45,5.0,0.05,-15.0,-0.15,True,,0.6317738109701501,ok,227776,1,1.212481064746306,0.05795276667131555,1.208418188772975,0.047375454273183355,13.64851904090268,4.200489285306198,True,,100.0,192.0,30.0,False,,-0.0782651881742219,652.0,2.1075380482000483,0.7404667135318199,1.9960359389864204,2.9033929469598503,
45,5.0,0.05,-10.0,-0.1,True,,0.6846793703615626,ok,234369,1,1.1579912218395847,0.06571659989344503,1.4475933117927373,0.05631357397072742,21.61015514809591,5.735685146837746,True,,100.0,304.0,30.0,False,,-0.09421830298730416,640.0,2.0611969741459752,0.6974929266376225,2.385753886134842,2.7545422968968705,
45,5.0,0.05,-5.0,-0.05,True,,0.6386785783411745,ok,229254,1,1.1445024684381457,0.07692323463904582,1.8355018412589108,0.06667412620615276,32.5574047954866,5.023152637237245,True,,100.0,458.0,30.0,False,,-0.08903999512237148,994.0,1.9785118868621063,0.863917776874616,2.8669702854680263,2.6830844752368366,
45,5.0,0.05,0.0,0.0,True,,0.5410768206065836,ok,223867,1,1.0669778218362658,0.07653035070162995,1.82098847916928,0.0714920771802049,48.55176304654443,4.168906017877986,True,,100.0,683.0,30.0,False,,-0.10080872816553421,995.0,1.8137476492759408,0.7591639344557779,3.44239011393686,2.2231748340139945,
45,10.0,0.1,-20.0,-0.2,True,,0.5681048311288966,ok,213938,1,1.1939912428187076,0.03874050647314187,0.7066600169055286,0.03226212532884326,7.464033850493653,3.7750581775268994,True,,100.0,105.0,30.0,False,,-0.07473501311894937,651.0,1.865548945967774,0.5183715752010627,1.8111698267515817,2.1389770247346043,
45,10.0,0.1,-15.0,-0.15,True,,0.5387819134237939,ok,224162,1,1.0162612252327388,0.044541019478765875,0.8456893769879115,0.04381313838024648,12.51114245416079,3.992666138531371,True,,100.0,176.0,30.0,False,,-0.08301554391359434,672.0,1.6663530257283001,0.5365383081164393,2.25299428580049,1.9769699266210268,
45,10.0,0.1,-10.0,-0.1,True,,0.6407682641232296,ok,223107,1,1.099777205148249,0.05880323368059548,1.2335166693664075,0.05322957137605829,18.908885754583924,5.958655866756085,True,,100.0,266.0,30.0,False,,-0.10958923440352397,670.0,1.840610690137101,0.536578560847256,2.765080650990156,2.1266371980700978,
45,10.0,0.1,-5.0,-0.05,True,,0.5122202711964825,ok,225594,1,0.9886972531171061,0.05901177003956404,1.239711189701897,0.05978332894192992,25.30662905500705,4.016667717807557,True,,100.0,356.0,30.0,False,,-0.10162721483428705,944.0,1.6326449796876177,0.5806689687972696,3.021277314749003,1.9532060083159406,
45,10.0,0.1,0.0,0.0,True,,0.5809724850092142,ok,230879,1,1.0977613270194064,0.06889975841486518,1.5524366579394533,0.06245818477245455,31.20677009873061,4.14071026255903,True,,100.0,439.0,30.0,False,,-0.08687512779872986,728.0,1.8163350515893388,0.7930895776578358,2.6520810366820036,2.5979507210332113,
45,15.0,0.15,-20.0,-0.2,True,,0.5955010094113136,ok,225940,1,1.3575966577569547,0.03694724615510836,0.6656881613099641,0.026987095796341603,6.611001410437235,4.4656323426941125,True,,93.0,93.0,30.0,True,trades_lt_100,-0.08156743941323097,1112.0,2.0689205905863783,0.4529656247749661,2.2388378787688317,1.6502868075211488,
45,15.0,0.15,-15.0,-0.15,True,,0.3900732772258422,ok,227539,1,0.9241403366264194,0.038416917228745406,0.699198215031225,0.04173170076189728,10.59181946403385,3.309525624921537,True,,100.0,149.0,30.0,False,,-0.11179229389648893,1480.0,1.3042868730665738,0.3436454865513049,3.7193340734805043,1.032897730340081,
45,15.0,0.15,-10.0,-0.1,True,,0.48188190540013065,ok,227763,1,0.9694978765591107,0.045858261813432444,0.8786938387385275,0.04740333673152678,14.572637517630465,5.445405980144258,True,,100.0,205.0,30.0,False,,-0.14045975354019435,1548.0,1.4338592773279975,0.32648684521797566,4.488330302553654,1.0217220819809363,
45,15.0,0.15,-5.0,-0.05,True,,0.4063410398120014,ok,226519,1,0.8658506768776183,0.04323129677789472,0.8134079927953213,0.05033905443014052,17.842595204513398,4.466271301579498,True,,100.0,251.0,30.0,False,,-0.15344334000180326,1442.0,1.2731517944498878,0.2817411089812479,4.578801230748803,0.9441619017566486,
45,15.0,0.15,0.0,0.0,True,,0.5450787307971594,ok,236229,1,0.9155186877838472,0.04791799073599279,0.9314024229997782,0.05263388293705252,20.117348377997182,6.105925376974727,True,,100.0,283.0,30.0,False,,-0.13089914329082597,1309.0,1.339839141110469,0.36606802406285194,3.6974160797149205,1.2959858913062166,
45,20.0,0.2,-20.0,-0.2,True,,0.39377291708380197,ok,221417,1,0.945973055053158,0.02360410925731027,0.3883264334207224,0.024987157962614363,6.255571227080395,3.4288088079068118,True,,88.0,88.0,30.0,True,trades_lt_100,-0.09452685968760799,1621.0,1.288833840849105,0.24970795957167138,3.3937955663773853,0.6955076932493559,
45,20.0,0.2,-15.0,-0.15,True,,0.22320799149618617,ok,214854,1,0.5732076667743405,0.020344039169117645,0.327419475726235,0.03629314055944897,9.027926657263752,3.136663107792681,True,,100.0,127.0,30.0,False,,-0.16374164449076878,1843.0,0.7149492467379174,0.12424474685341624,5.66085254774603,0.359381188567047,
45,20.0,0.2,-10.0,-0.1,True,,0.21847380675653869,ok,239859,1,0.682363236074479,0.027480748138960953,0.46412865964911765,0.04096238778657891,11.231593794076163,2.620389283196885,True,,100.0,158.0,30.0,False,,-0.17531723299700086,1604.0,0.8959722651268243,0.1567486987399069,5.668191512204071,0.48482391746631526,
45,20.0,0.2,-5.0,-0.05,True,,0.1269163513922178,ok,220305,1,0.5324304104128792,0.022482014278084606,0.36707563293917245,0.04354774206306967,12.582228490832158,2.4164329619827907,True,,100.0,177.0,30.0,False,,-0.20708096752834748,1843.0,0.6854275233086625,0.10856629919409191,7.108527621623188,0.31626822704743146,
45,20.0,0.2,0.0,0.0,True,,0.17201182389558153,ok,228184,1,0.5600903704941718,0.0243917761806256,0.4034265211933419,0.04483110860465044,13.364174894217207,2.6787058440792815,True,,100.0,188.0,30.0,False,,-0.19688551459527015,1604.0,0.7237678074078414,0.12388811960477042,6.416653046296921,0.380132383730833,
55,0.0,0.0,-20.0,-0.2,True,,0.7779922073330943,ok,218739,1,1.5205036301846184,0.04995421689307289,0.9848569843089445,0.032398271574120674,7.606205923836389,3.8575979870330674,True,,100.0,107.0,30.0,False,,-0.041958169213515806,469.0,2.459281465328331,1.1905718917064034,0.9587811230095397,5.210179434516866,
55,0.0,0.0,-15.0,-0.15,True,,0.5366790298959544,ok,227611,1,1.0544325801576653,0.05854185884354668,1.2257750689273572,0.05538095549175646,14.43046544428773,3.174874975882135,True,,100.0,203.0,30.0,False,,-0.07833584101944546,605.0,1.9480322433967923,0.7473189549214735,2.3752402584496197,2.464671042657321,
55,0.0,0.0,-10.0,-0.1,True,,0.5551506000321524,ok,227046,1,1.0635119459066606,0.06907370211536423,1.5582843103431987,0.06473976999957519,23.813822284908323,4.439842472399017,True,,100.0,335.0,30.0,False,,-0.11280706767882254,1064.0,1.9848198413260068,0.6123171494185693,3.2456979707222673,2.1281617309571543,
55,0.0,0.0,-5.0,-0.05,True,,0.4723043238301584,ok,228133,1,1.06004313516187,0.07481536732469096,1.7584403220514409,0.07037285086047375,40.305782792665724,3.539415294483017,True,,100.0,567.0,30.0,False,,-0.13196042023010757,983.0,1.845973954092848,0.5669530848282445,3.8404418005077505,1.9480927250296962,
55,0.0,0.0,0.0,0.0,True,,0.40682578811414855,ok,229714,1,1.0276820576197359,0.08096752982998834,1.9889862543632564,0.07876036562984795,101.86629055007053,2.428953013250503,True,,100.0,1433.0,30.0,False,,-0.1340419767032628,827.0,1.7065726087044444,0.604046074381843,3.9459244645975704,2.051928022353715,
55,5.0,0.05,-20.0,-0.2,True,,0.6729984193173463,ok,230554,1,1.4141219761014474,0.044023106952287616,0.8328608523602306,0.030794410454075053,7.321861777150916,3.753130671184719,True,,100.0,103.0,30.0,False,,-0.05498405565379605,562.0,2.209052613369982,0.800652233248791,1.2537057275326358,3.5114386083987665,
55,5.0,0.05,-15.0,-0.15,True,,0.5972731548002175,ok,238852,1,1.1649760707894057,0.056168232803634366,1.1566033417184323,0.047880193921006724,13.22200282087447,3.710917211174076,True,,100.0,186.0,30.0,False,,-0.0716788803146925,451.0,1.933510271327397,0.7836092382726741,1.9812301282971234,2.8350181032180863,
55,5.0,0.05,-10.0,-0.1,True,,0.5781889309275842,ok,232214,1,1.07789964852071,0.05949015615881348,1.2539818750850844,0.054994562872891686,19.69083215796897,5.098120559017275,True,,100.0,277.0,30.0,False,,-0.11498763695616343,968.0,1.870905218630317,0.5173613245178073,3.0907097301685704,1.924805670947586,
55,5.0,0.05,-5.0,-0.05,True,,0.6222293335057067,ok,228610,1,0.9569556199070673,0.0620559787572188,1.3319748718279572,0.06510009966989279,28.789844851904093,6.030020412325534,True,,100.0,405.0,30.0,False,,-0.09989653440113877,982.0,1.6742458062167418,0.6212025184780724,3.025658171904854,2.0509910648019574,
55,5.0,0.05,0.0,0.0,True,,0.5326661724701451,ok,227352,1,1.0908944716098052,0.078289775360737,1.8865246025170639,0.07141338436631753,45.139633286318755,4.425649678044662,True,,100.0,635.0,30.0,False,,-0.1499978737974369,550.0,1.8777282967623543,0.5219392340618283,3.57758728191008,2.18834005131352,
55,10.0,0.1,-20.0,-0.2,True,,0.6672806292759614,ok,240356,1,1.350129932724041,0.04036198564869986,0.7445110563367585,0.029626540464982285,7.0375176304654445,4.663240543382615,True,,99.0,99.0,30.0,True,trades_lt_100,-0.05695224446545222,645.0,2.023580125915018,0.708698770830425,1.5850919023603443,2.5463498733794068,
55,10.0,0.1,-15.0,-0.15,True,,0.5623705203562677,ok,217214,1,1.1256219688199656,0.05096909168304009,1.0120093966255128,0.045060040949088845,12.368970380818054,4.004648228855131,True,,100.0,174.0,30.0,False,,-0.0753265352782383,477.0,1.722566003116073,0.6766419229926399,2.368877377699398,2.1516137628255017,
55,10.0,0.1,-10.0,-0.1,True,,0.6296841953306596,ok,223849,1,1.2403320098596637,0.06510150251172186,1.4278009309287913,0.051924838712386526,17.344992947813825,4.692641645456882,True,,100.0,244.0,30.0,False,,-0.09744589159821349,476.0,2.090755740370494,0.6680784735404421,2.4753682562109094,2.629972423229419,
55,10.0,0.1,-5.0,-0.05,True,,0.6187530652198646,ok,226837,1,1.196314402557368,0.06827004508405321,1.5313705826242807,0.05652714479808439,22.88970380818054,4.806858346358527,True,,100.0,322.0,30.0,False,,-0.09443246299324715,394.0,1.9788023735606506,0.7229510162086442,2.7546607534979626,2.47834674369109,
55,10.0,0.1,0.0,0.0,True,,0.5535046950267857,ok,232444,1,1.158308448016406,0.07114241943822663,1.628791379670889,0.06092307782347809,29.64287729196051,3.9034701427168947,True,,100.0,417.0,30.0,False,,-0.1009162762360083,435.0,1.8927071082027473,0.7049647697250452,2.9716376893577405,2.3940475547543154,
55,15.0,0.15,-20.0,-0.2,True,,0.5886575173492953,ok,224926,1,1.1819708310018833,0.03380198642502541,0.5960251490782906,0.02846157955112971,6.682087447108604,3.803836331814074,True,,94.0,94.0,30.0,True,trades_lt_100,-0.05543875999900172,851.0,1.823809810858654,0.6097175771181405,1.4943704400037903,2.2619549691400263,
55,15.0,0.15,-15.0,-0.15,True,,0.368908016611844,ok,226705,1,0.6995438712033928,0.028608648147244953,0.48689461297276715,0.04155242518823841,11.018335684062059,2.9954285859766525,True,,100.0,155.0,30.0,False,,-0.08710392860874194,1013.0,1.0005504160321594,0.32844268455158665,2.9010619644567823,0.9861439878827911,
55,15.0,0.15,-10.0,-0.1,True,,0.48804395421215596,ok,223681,1,0.8915839341560894,0.04219275928859223,0.7881843122872252,0.04761569929025817,14.501551480959096,4.203320325384542,True,,100.0,204.0,30.0,False,,-0.09462561588896756,766.0,1.3614755862328358,0.44589151565576757,2.809803558230488,1.5016266587392213,
55,15.0,0.15,-5.0,-0.05,True,,0.5229117085911711,ok,219310,1,0.9491615392618139,0.04908897153497316,0.9619770328705897,0.05190206027002894,17.344992947813825,4.789131337253033,True,,100.0,244.0,30.0,False,,-0.10087318653013932,762.0,1.4259599188268777,0.48664043660706746,3.0587139550874363,1.604889252665338,
55,15.0,0.15,0.0,0.0,True,,0.5027225329003803,ok,210343,1,0.8607369891517958,0.04631351057494926,0.8902273172455006,0.0543080793291596,20.259520451339917,4.931312762051635,True,,100.0,285.0,30.0,False,,-0.10151788400357065,1213.0,1.255674708963331,0.4562103616474147,3.2385678582592523,1.430061453146238,
55,20.0,0.2,-20.0,-0.2,True,,0.4587361998851077,ok,205576,1,1.1041430009700632,0.02858703685436459,0.48645533003075725,0.025824456500120437,6.042313117066291,3.541637278841538,True,,85.0,85.0,30.0,True,trades_lt_100,-0.07923724802886123,1480.0,1.5337088143488569,0.3607777600245796,2.8586242534585202,1.0000277867851441,
55,20.0,0.2,-15.0,-0.15,True,,0.2789204561438392,ok,158107,1,0.6787515725038178,0.02415672171631522,0.39890448032816583,0.036131161469260625,9.027926657263752,3.339555437931029,True,,100.0,127.0,30.0,False,,-0.14952814008122772,1843.0,0.8665711630787705,0.16155301405603412,4.993264861048521,0.4837861076578786,
55,20.0,0.2,-10.0,-0.1,True,,0.2624553935237104,ok,149589,1,0.6687886845098963,0.02636653323169469,0.441957212089392,0.04011894505591827,11.302679830747532,3.0866360047025534,True,,100.0,159.0,30.0,False,,-0.1653580045968963,1843.0,0.8768265572294943,0.1594512058607024,5.090493415809427,0.5179563369988607,
55,20.0,0.2,-5.0,-0.05,True,,0.2518046516158026,ok,147887,1,0.6655612995404648,0.028066810086027738,0.47591722511133194,0.042978984567436505,12.795486600846262,3.385854682646687,True,,100.0,180.0,30.0,False,,-0.1854376085806726,1597.0,0.8869820491823789,0.15135446526111546,5.790983976278511,0.4846639224179731,
55,20.0,0.2,0.0,0.0,True,,0.282217235206941,ok,141456,1,0.6962960606372387,0.02995226376563309,0.5144437063636542,0.04376162471331154,14.075035260930889,3.501625137334856,True,,100.0,198.0,30.0,False,,-0.1736385752418339,1597.0,0.9352642813625172,0.17249775128549222,5.336893460674008,0.5612303109728999,
